AERO,AAAD,AMST,ANTH,APPL,ARAB,ARCH,ARMY,ARTH,ASIA,ASTR,BIOC,BCB,BBSP,BIOL,BMME,BIOS,BCS,BUSI,CATA,CBIO,CBPH,CBMC,CHEM,CHER,CHWA,CHIN,PLAN,CLAR,CLAS,CLSC,CRMH,COMM,CMPL,COMP,EURO,CZCH,DENG,DHYG,DHED,DRAM,DTCH,ECON,EDUC,ENDO,ENGL,ENEC,ENVR,EPID,EXSS,EDMX,SPCL,DPET,FOLK,FREN,GNET,GEOG,GEOL,GERM,GSLL,GLBL,GOVT,GRAD,GREK,HBEH,HPM,HEBR,HNUR,HIST,HUNG,INLS,IDST,ITAL,JAPN,JWST,SWAH,KOR,LTAM,LATN,LFIT,LGLA,LING,MACD,MNGT,MASC,MTSC,MHCH,MATH,MEJO,MCRO,MUSC,NAVS,NBIO,NSCI,NURS,NUTR,OCSC,OCCT,OPER,ORPA,ORAD,ORTH,PATH,PWAD,PEDO,PERI,PRSN,PHRS,DPMP,PHCO,PHCY,DPOP,DPPE,PHIL,PHYA,PHYS,PHYI,PLSH,POLI,PORT,PACE,PROS,PSYC,PUBA,PUBH,PLCY,RADI,RECR,RELI,ROML,RUSS,SPHG,SLAV,SOWO,SOCI,SPAN,SPHS,STOR,ARTS,TOXC,TURK,UKRN,WOLO,WGST,MAYA
101,50,51,50,101,101,94,100,51,52,61,107,55,705,53,89,392,1,89,401,400,705,804,70,101,401,101,50,50,51,150,700,51,55,50,89,280,701,241,705,79,275,50,65,710,50,51,89,600,50,704,290,800,77,101,621,50,70,101,50,87,660,710,101,396,10,101,101,50,401,73,89,101,101,56,112,1,89,101,102,401,50,401,120,51,615,605,50,89,251,51,101,401,61,253,175,845,704,701,731,702,801,128,69,800,710,101,801,738,154,12,766,801,51,201,50,50,280,50,101,607,702,52,401,89,51,432,710,60,50,101,101,86,89,53,100,196,52,50,423,101,401,401,51,401
102,51,53,51,110,102,393,101,52,55,63,108,45,710,55,101,396,2,102,402,423,706,804,71,102,402,102,51,51,55,410,702,53,89,60,159,401,702,251,715,80,396,51,89,811,52,89,190,625,51,706,400,801,89,102,622,52,71,102,51,88,661,711,102,600,20,102,102,51,402,89,111,102,102,60,234,2,101,102,103,402,89,402,131,52,710,610,51,100,291,52,190,411,71,254,240,855,720,702,732,704,802,426,89,801,711,102,802,815,155,13,801,807,52,202,51,395,401,52,102,700,722,53,402,420,54,442,770,61,51,102,190,101,403,54,101,400,53,59,442,102,402,402,56,
190,53,54,52,190,123,395,102,53,56,89,442,1,890,57,150,500,3,106,,607,710,805,72,203,403,111,52,110,56,410,704,57,120,65,190,402,703,252,720,81,402,52,101,812,53,101,205,626,89,707,493,802,130,105,623,53,72,105,52,89,662,712,203,601,30,203,203,52,403,151,112,203,160,100,401,50,291,203,104,403,101,403,223,53,715,611,52,101,292,53,196,412,89,261,245,890,720,704,733,705,803,462,101,803,721,203,815,862,156,14,803,810,53,203,52,643,402,54,111,803,732,54,635,500,55,461,775,62,52,203,350,248,404,56,102,401,54,72,701,203,,403,64,
196,54,55,53,240,150,396,190,54,57,101,601,2,901,61,160,511,4,107,,627,741,807,73,204,,150,53,120,57,420,706,61,121,80,239,403,704,253,730,82,403,53,111,821,54,108,230,695,141,708,,803,202,150,624,54,73,203,53,110,663,713,204,609,40,204,204,53,404,161,113,204,162,101,402,51,350,204,105,404,138,404,310,55,720,625,53,102,449,54,201,450,175,301,295,896,725,705,750,706,805,464,108,804,723,204,890,863,158,15,804,899,54,205,53,993,403,57,203,804,751,55,709,510,60,462,790,63,53,204,351,250,489,57,105,402,55,75,702,204,,404,66,
201,89,59,54,260,151,691,196,55,59,101,631,10,902,62,190,512,5,108,,643,791,833,89,305,,203,54,190,58,420,708,62,122,85,252,404,707,257,736,83,404,54,121,993,55,191,240,696,175,709,,804,230,203,625,55,74,204,54,181,664,714,205,610,41,305,220,55,405,201,114,240,203,102,403,3,390,205,106,,145,405,325,57,730,626,54,121,614,55,202,701,190,302,400,994,726,731,762,707,806,713,110,805,731,305,899,864,643,16,805,991,55,206,54,994,404,58,204,806,752,58,710,610,61,463,830,64,54,270,352,296,490,58,111,520,56,78,707,305,,405,68,
202,101,60,56,280,203,692,201,59,60,102,632,12,903,64,201,540,6,188,,993,793,,100,,,204,55,200,59,430,710,63,123,89,257,405,710,257,753,84,405,55,122,,57,201,295,700,180,710,,805,254,204,631,56,75,206,55,193,772,715,221,611,50,306,221,59,406,202,115,241,204,103,404,4,396,221,107,,165,406,330,58,735,664,55,129,630,56,202,702,222,310,600,,727,732,763,710,807,714,120,806,761,306,990,869,701,17,806,,56,208,55,,405,62,212,815,801,62,711,613,63,465,865,65,55,272,428,464,491,59,203,521,60,82,721,,,406,89,
213,130,61,57,290,204,,202,61,61,105,643,15,903,65,205,600,11,189,,994,800,,101,,,212,57,241,60,440,712,73,124,101,259,406,720,261,754,85,896,56,130,,58,202,296,701,181,715,,806,310,255,632,58,76,210,56,196,,720,222,625,51,,305,62,407,203,116,242,231,106,405,32,401,222,108,,200,,345,59,740,665,56,137,631,57,211,703,225,311,611,,728,736,993,802,808,715,134,993,762,,991,,702,18,870,,57,209,61,,406,63,310,820,851,63,719,614,66,471,876,66,56,273,600,469,492,60,204,530,61,89,722,,,,101,
301,159,62,59,390,214,,301,64,63,111,649,16,,81,207,611,90,190,,,850,,101,,,242,58,242,61,440,714,82,130,110,270,411,751,262,760,86,,57,149,,59,203,400,705,191,716,,807,323,260,635,59,77,211,58,210,,721,351,626,52,,306,63,411,318,117,250,246,107,406,37,411,223,109,,201,,364,89,745,680,57,141,632,58,301,704,276,320,620,,729,790,,993,809,716,150,,820,,992,,705,19,872,,58,210,63,,411,66,316,825,853,66,720,615,71,472,880,67,58,274,690,470,495,64,212,540,62,102,735,,,,111,
302,200,89,60,405,250,,302,66,65,202,650,17,,89,209,635,,201,,,851,,102,,,244,59,243,62,442,716,83,131,116,285,469,799,263,774,87,,58,150,,63,204,403,710,205,721,,808,334,262,645,60,79,216,59,281,,725,352,660,93,,407,64,490,382,180,258,277,110,408,5,512,224,110,,202,,365,101,750,685,58,153,635,59,302,705,278,321,630,,736,810,,,810,723,161,,821,,993,,707,20,899,,59,211,89,,412,67,323,830,993,67,721,616,75,473,881,68,60,275,701,490,500,66,252,570,63,103,760,,,,124,
393,201,101,61,411,253,,401,77,69,205,651,18,,101,215,645,,202,,,852,,102,,,252,89,244,63,442,718,85,132,126,347,490,890,264,834,88,,89,181,,66,208,404,711,206,722,,809,340,280,646,61,89,220,60,282,,726,395,690,20,,408,66,,384,184,300,305,143,,6,690,331,111,,203,,380,101,755,690,59,157,640,60,311,708,290,330,640,,755,993,,,815,725,205,,891,,994,,710,21,900,,60,212,100,,490,70,351,832,,68,722,690,76,574,890,69,61,276,702,580,501,68,253,582,64,104,792,,,,127,
401,202,102,62,412,300,,402,79,71,301,652,20,,101,217,650,,203,,,853,,105,,,253,101,245,64,450,800,86,133,180,433,,901,265,836,89,,100,190,,69,210,411,715,207,723,,810,342,285,647,62,101,227,63,290,,735,396,700,22,,409,70,,385,190,308,306,153,,27,691,332,112,,222,,410,108,760,701,60,180,690,61,401,710,294,351,642,,756,,,,820,726,206,,993,,,,715,40,901,,63,213,101,,,72,352,833,,69,723,696,80,575,950,70,62,277,711,796,505,69,255,583,66,105,821,,,,140,
402,210,110,63,413,301,,493,84,72,390,655,22,,102,219,660,,204,,,855,,190,,,255,246,246,65,460,802,88,134,185,438,,,267,837,115,,101,211,,70,220,412,716,208,724,,811,370,286,655,63,101,245,65,381,,750,409,703,23,,410,72,,393,190,310,363,203,,46,692,333,113,,225,,412,190,765,702,61,182,701,62,402,721,320,352,646,,757,,,,822,766,207,,,,,,721,40,902,,65,214,102,,,75,354,860,,72,725,701,85,583,951,71,63,278,712,994,510,70,261,701,72,106,901,,,,144,
500,211,175,64,414,305,,,85,73,501,660,23,,113,295,661,,205,,,856,,200,,,305,247,247,67,460,805,89,142,190,442,,,267,860,116,,111,221,,71,222,413,718,211,725,,814,375,300,675,64,103,249,67,382,,751,710,704,35,,411,74,,396,194,320,375,204,,7,697,334,114,,260,,415,220,780,704,62,187,702,63,411,722,325,360,660,,765,,,,993,767,212,,,,,,722,41,991,,66,216,103,,,76,355,896,,89,730,702,89,584,993,72,71,279,713,,520,71,266,705,89,115,992,,,,188,
,212,201,65,418,306,,,89,89,502,662,25,,115,298,662,,206,,,890,,210,,,306,317,262,71,462,806,100,143,210,460,,,351,896,117,,125,222,,72,237,416,719,220,726,,815,380,305,680,65,108,265,68,383,,755,711,705,72,,490,76,,418,195,330,401,206,,8,767,335,115,,290,,427,223,785,705,63,240,710,64,500,722,390,361,660,,766,,,,,792,213,,,,,,722,41,993,,67,217,104,,,89,370,,,101,731,704,101,585,,73,89,280,721,,521,72,267,706,112,116,993,,,,200,
,214,202,66,420,308,,,111,106,503,663,30,,117,301,663,,207,,,895,,241,,,308,326,263,73,462,810,113,144,211,486,,,352,993,120,,231,230,,73,238,417,722,221,727,,818,424,308,701,67,159,266,69,390,,770,712,706,96,,496,79,,465,201,331,408,211,,9,768,351,118,,302,,691,310,810,712,64,242,711,65,,722,395,362,691,,767,,,,,801,220,,,,,,722,124,994,,68,219,105,,,100,375,,,115,732,705,110,586,,74,194,282,722,,522,89,270,707,113,132,994,,,,202,
,231,203,67,421,337,,,112,124,504,663,84,,118,302,664,,401,,,910,,241,,,313,330,268,89,470,814,120,150,222,490,,,357,,131,,234,231,,74,241,419,725,223,728,,819,428,310,702,89,190,267,70,394,,989,713,709,50,,592,81,,467,290,333,410,212,,47,900,352,129,,303,,692,312,820,713,65,244,712,66,,723,401,364,692,,770,,,,,850,235,,,,,,724,203,,,70,220,106,,,130,382,,,180,733,706,130,591,,75,229,296,992,,523,101,275,708,115,202,,,,,211,
,232,210,68,422,350,,,113,126,505,664,85,,150,315,665,,402,,,915,,245,,,342,363,375,121,470,816,130,180,227,691,,,362,,134,,267,250,,75,242,421,726,224,730,,820,429,311,703,110,200,268,75,413,,,722,710,60,,,83,,490,296,335,411,224,,90,,353,130,,304,,,314,830,713,66,245,721,89,,724,403,365,695,,771,,,,,890,238,,,,,,725,401,,,75,221,108,,,150,385,,,190,734,710,190,594,,76,280,409,,,524,111,280,710,120,205,,,,,215,
,237,211,77,423,353,,,150,127,511,665,50,,159,325,667,,403,,,993,,251,,,346,375,380,122,480,818,131,198,283,692,,,363,,135,,285,301,,76,253,423,731,260,731,,821,435,312,722,111,201,271,80,415,,,744,715,63,,,84,,493,301,337,412,225,,96,,354,138,,305,,,316,840,715,67,252,790,100,,725,405,366,696,,772,,,,,900,245,,,,,,726,402,,,76,222,114,,,150,387,,,210,735,711,195,597,,77,293,410,,,530,112,292,710,151,206,,,,,217,
,238,220,89,430,407,,,151,131,512,666,88,,190,335,668,,404,,,994,,261,,,354,390,395,123,480,822,140,212,290,,,,367,,140,,290,309,,79,254,425,733,265,732,,822,455,315,730,115,202,272,81,450,,,750,720,65,,,85,,500,396,339,414,235,,,,395,140,,306,,,352,871,716,68,253,791,102,,727,415,371,700,,773,,,,,920,248,,,,,,727,403,,,77,223,115,,,190,388,,,215,736,712,196,660,,78,295,411,,,540,121,300,712,155,208,,,,,220,
,239,225,92,435,408,,,152,133,519,667,91,,190,345,669,,405,,,,,262,,,356,420,396,125,540,890,142,220,293,,,,390,,144,,291,311,,81,256,430,735,273,733,,831,470,320,742,120,221,279,82,481,,,753,725,71,,,89,,501,496,340,415,239,,,,396,145,,333,,,390,872,717,69,332,792,103,,728,420,382,701,,781,,,,,940,250,,,,,,728,404,,,78,224,116,,,193,395,,,220,737,714,210,662,,79,490,412,,,570,122,301,712,190,209,,,,,222,
,240,225,93,465,434,,,153,134,701,668,99,,195,355,670,,406,,,,,262,,,361,428,411,126,542,992,150,223,301,,,,393,,145,,293,316,,85,259,431,738,275,734,,832,473,325,743,121,223,280,83,482,,,755,726,0,,,101,,509,691,343,416,243,,,,601,146,,335,,,395,891,718,70,333,795,104,,729,421,384,705,,836,,,,,993,251,,,,,,729,405,,,79,225,117,,,200,396,,,230,738,716,220,670,,80,500,415,,,613,123,302,715,215,210,,,,,224,
,250,231,101,470,453,,,155,135,702,670,5,,201,365,672,,407,,,,,263,,,367,491,460,131,550,993,160,225,311,,,,401,,150,,310,317,,86,263,432,738,276,735,,833,476,330,744,123,234,281,84,483,,,757,727,1,,,102,,512,692,345,417,253,,,,602,190,,360,,,396,892,720,89,334,901,105,,731,422,401,711,,837,,,,,994,252,,,,,,730,410,,,85,227,118,,,201,398,,,242,739,718,231,672,,85,501,445,,,614,124,308,717,290,213,,,,,225,
,252,233,102,472,496,,,156,136,703,671,93,,202,375,673,,408,,,,,290,,,407,526,461,133,560,,170,227,325,,,,402,,154,,320,318,,87,264,433,738,288,736,,834,480,350,747,124,301,283,85,484,,,759,730,2,,,103,,513,890,346,451,262,,,,710,998,,376,,,401,893,722,110,340,993,106,,732,423,402,712,,896,,,,,,253,,,,,,731,411,,,89,228,119,,,202,401,,,245,740,719,235,681,,88,578,450,,,615,125,320,722,305,214,,,,,230,
,254,234,103,473,681,,,157,138,704,673,94,,205,385,680,,409,,,,,291,,,408,547,462,231,570,,171,230,380,,,,403,,155,,325,320,,88,266,442,742,290,757,,836,481,353,749,125,302,284,87,485,,,761,733,5,,,104,,515,,357,482,268,,,,711,,,383,,,410,894,723,110,341,994,107,,733,424,410,714,,990,,,,,,254,,,,,,732,412,,,101,229,128,,,203,402,,,250,741,720,290,686,,89,600,455,,,700,126,321,725,320,215,,,,,231,
,257,235,120,475,,,,159,139,705,674,,,211,396,690,,410,,,,,293,,,414,550,463,240,580,,223,232,388,,,,405,,160,,326,325,,89,272,451,743,291,758,,838,484,354,750,130,303,285,88,486,,,763,740,6,,,105,,520,,359,490,269,,,,712,,,395,,,411,895,724,115,342,,110,,735,427,411,715,,992,,,,,,260,,,,,,733,413,,,105,230,128,,,204,408,,,260,743,725,291,694,,101,650,462,,,702,129,323,726,358,221,,,,,232,
,258,246,121,490,,,,160,150,711,678,,,213,398,691,,411,,,,,395,,,441,574,464,241,582,,224,237,390,,,,407,,170,,327,330,,100,304,452,750,322,759,,840,487,355,760,141,304,286,89,487,,,765,741,7,,,106,,523,,365,496,289,,,,713,,,397,,,415,896,725,116,349,,111,,750,428,430,720,,993,,,,,,262,,,,,,734,414,,,110,231,131,,,205,420,,,270,744,726,293,,,102,660,463,,,705,130,324,730,390,222,,,,,233,
,259,248,123,491,,,,161,151,712,690,,,214,405,693,,412,,,,,396,,,443,585,465,242,620,,230,240,393,,,,408,,175,,328,349,,105,305,453,751,323,760,,841,488,365,801,210,305,290,212,489,,,767,742,8,,,107,,525,,370,521,305,,,,714,,,400,,,432,897,726,117,352,,112,,751,434,456,723,,,,,,,,266,,,,,,735,415,,,112,233,131,,,206,501,,,290,745,727,296,,,103,665,464,,,709,131,325,733,415,233,,,,,237,
,260,252,125,492,,,,200,152,719,700,,,217,420,694,,463,,,,,397,,,463,590,474,243,630,,249,246,401,,,,409,,191,,330,375,,105,307,468,753,324,761,,853,490,370,850,212,310,301,218,490,,,769,743,9,,,108,,530,,371,563,306,,,,722,,,401,,,433,898,728,118,353,,113,,800,437,461,728,,,,,,,,268,,,,,,736,421,,,134,235,132,,,207,526,,,294,746,728,305,,,104,698,465,,,712,133,328,740,435,238,,,,,240,
,261,253,130,493,,,,201,153,891,701,,,221,435,700,,488,,,,,400,,,464,591,475,253,670,,251,250,410,,,,411,,192,,340,387,,115,308,470,754,325,762,,854,495,372,865,215,315,302,225,491,,,771,744,10,,,110,,534,,382,590,308,,,,723,,,409,,,434,899,729,119,356,,114,,801,490,470,745,,,,,,,,272,,,,,,737,422,,,140,236,133,,,208,530,,,310,749,730,310,,,105,700,469,,,719,172,329,741,445,243,,,,,241,
,278,255,138,495,,,,242,163,,702,,,221,441,735,,490,,,,,410,,,490,596,476,254,695,,260,251,411,,,,412,,193,,345,390,,116,309,472,755,326,763,,856,496,375,870,222,324,303,246,492,,,775,745,11,,,111,,539,,385,,311,,,,724,,,410,,,440,992,730,129,358,,115,,850,493,472,746,,,,,,,,273,,,,,,738,423,,,143,238,201,,,209,535,,,330,751,731,326,,,106,707,471,,,720,180,338,742,455,290,,,,,242,
,282,256,139,520,,,,247,164,,703,,,224,445,740,,493,,,,,420,,,496,636,480,257,705,,262,252,426,,,,413,,196,,360,400,,117,310,475,756,327,764,,857,502,376,888,225,324,304,251,560,,,841,746,20,,,120,,540,,395,,330,,,,725,,,422,,,441,993,732,130,371,,120,,857,507,477,747,,,,,,,,277,,,,,,739,424,,,145,239,211,,,210,540,,,348,752,734,330,,,107,751,475,,,730,250,340,743,465,302,,,,,244,
,284,257,142,573,,,,250,180,,704,,,224,447,745,,496,,,,,421,,,510,637,482,258,708,,263,254,431,,,,414,,215,,362,401,,118,312,480,757,328,765,,858,525,377,891,228,390,305,252,691,,,901,748,30,,,121,,541,,396,,343,,,,726,,,428,,,442,994,735,152,372,,121,,858,568,479,760,,,,,,,,280,,,,,,740,425,,,150,240,231,,,211,691,,,390,753,736,340,,,108,755,477,,,732,251,344,744,471,309,,,,,248,
,286,258,143,590,,,,254,181,,705,,,226,455,752,,500,,,,,422,,,511,638,488,259,710,,312,255,433,,,,415,,231,,363,402,,119,320,500,758,360,766,,873,537,378,905,230,395,306,254,692,,,993,749,34,,,124,,550,,398,,357,,,,730,,,444,,,443,,740,190,373,,122,,890,571,481,760,,,,,,,,281,,,,,,741,426,,,154,241,281,,,215,692,,,395,756,737,345,,,109,756,479,,,739,252,351,748,472,313,,,,,249,
,287,259,144,690,,,,255,183,,706,,,226,461,756,,501,,,,,423,,,521,639,489,263,720,,318,256,435,,,,416,,235,,380,403,,120,324,505,759,366,767,,900,550,379,993,232,396,310,255,700,,,994,750,40,,,125,,551,,401,,360,,,,753,,,445,,,444,,745,210,374,,123,,892,573,482,765,,,,,,,,283,,,,,,742,431,,,155,242,295,,,217,703,,,404,757,738,349,,,110,820,480,,,740,253,352,749,475,322,,,,,253,
,288,268,145,760,,,,262,211,,707,,,251,470,759,,502,,,,,425,,,525,641,491,361,722,,325,257,447,,,,417,,240,,384,404,,121,324,514,760,367,768,,,560,383,994,237,403,311,260,701,,,,751,41,,,127,,554,,402,,380,,,,762,,,455,,,445,,753,231,376,,124,,893,693,483,770,,,,,,,,287,,,,,,743,432,,,157,243,311,,,220,704,,,430,758,739,352,,,117,824,486,,,741,260,360,751,490,324,,,,,254,
,290,269,146,,,,,263,228,,711,,,251,485,760,,503,,,,,430,,,551,651,512,362,722,,330,258,455,,,,421,,245,,390,405,,122,325,520,764,368,775,,,562,386,,240,405,325,268,702,,,,752,60,,,128,,556,,503,,390,,,,764,,,458,,,446,,756,231,377,,125,,951,694,484,785,,,,,,,,289,,,,,,744,433,,,160,245,313,,,231,710,,,432,760,740,353,,,121,825,490,,,742,273,361,752,493,343,,,,,259,
,293,276,147,,,,,264,229,,712,,,252,490,761,,504,,,,,431,,,552,652,561,363,730,,331,260,475,,,,422,,250,,393,408,,123,330,522,765,369,776,,,565,387,,253,406,330,269,703,,,,753,64,,,129,,558,,511,,412,,,,765,,,460,,,447,,757,232,379,,130,,993,,487,803,,,,,,,,312,,,,,,745,434,,,163,246,331,,,232,712,,,433,761,741,354,,,122,830,511,,,743,274,369,754,496,352,,,,,260,
,298,277,148,,,,,265,231,,715,,,252,495,762,,505,,,,,432,,,562,662,650,364,735,,334,261,486,,,,423,,255,,395,410,,124,350,525,766,370,777,,,571,388,,254,410,349,270,710,,,,754,71,,,130,,560,,512,,420,,,,766,,,484,,,448,,760,233,390,,131,,994,,488,805,,,,,,,,330,,,,,,746,441,,,164,290,332,,,233,713,,,438,762,742,360,,,123,840,512,,,750,277,370,760,520,353,,,,,263,
,300,278,149,,,,,267,233,,720,,,253,505,764,,506,,,,,433,,,590,663,781,371,740,,335,262,487,,,,424,,260,,396,411,,125,351,552,770,376,778,,,587,389,,259,411,350,271,730,,,,755,90,,,131,,561,,526,,425,,,,767,,,490,,,450,,765,290,393,,132,,,,489,808,,,,,,,,331,,,,,,747,442,,,165,302,351,,,234,714,,,461,763,745,361,,,125,870,513,,,751,290,371,761,535,354,,,,,264,
,301,283,151,,,,,268,235,,721,,,253,550,765,,507,,,,,441,,,624,672,782,391,741,,337,266,488,,,,427,,265,,400,413,,126,352,570,771,380,779,,,670,390,,260,412,367,272,890,,,,756,91,,,133,,570,,691,,436,,,,768,,,493,,,455,,766,294,421,,133,,,,491,810,,,,,,,,339,,,,,,748,443,,,170,308,352,,,235,721,,,463,764,746,364,,,126,992,514,,,753,302,373,762,538,355,,,,,265,
,302,284,175,,,,,269,240,,722,,,255,551,767,,509,,,,,441,,,631,673,790,395,742,,345,267,495,,,,490,,277,,410,415,,127,368,575,772,385,782,,,675,395,,261,415,370,277,893,,,,760,92,,,134,,572,,692,,444,,,,770,,,495,,,460,,780,296,424,,135,,,,492,811,,,,,,,,352,,,,,,749,444,,,180,310,354,,,236,731,,,465,765,747,365,,,127,993,562,,,755,390,374,765,555,358,,,,,266,
,303,285,190,,,,,270,241,,722,,,255,552,771,,511,,,,,443,,,,685,794,396,743,,350,269,496,,,,493,,279,,411,416,,128,370,580,775,393,789,,,688,401,,262,417,371,278,896,,,,761,97,,,135,,573,,706,,451,,,,771,,,496,,,470,,795,307,425,,136,,,,494,812,,,,,,,,353,,,,,,750,445,,,185,314,391,,,237,791,,,467,768,748,371,,,134,994,790,,,758,393,375,771,556,364,,,,,270,
,307,287,191,,,,,271,242,,725,,,256,560,772,,512,,,,,444,,,,686,796,409,750,,355,270,520,,,,495,,280,,415,421,,129,371,582,780,395,792,,,690,402,,263,417,372,280,992,,,,762,1,,,136,,576,,731,,464,,,,772,,,500,,,471,,801,347,426,,141,,,,496,813,,,,,,,,354,,,,,,767,446,,,210,316,395,,,238,830,,,468,769,749,372,,,135,,,,,760,396,376,772,565,368,,,,,271,
,312,290,194,,,,,272,243,,738,,,271,565,773,,514,,,,,445,,,,687,798,415,760,,360,271,521,,,,595,,281,,416,422,,130,372,585,785,396,794,,,691,403,,264,421,373,281,993,,,,763,2,,,137,,578,,732,,465,,,,773,,,520,,,472,,802,381,430,,142,,,,497,814,,,,,,,,355,,,,,,900,447,,,211,317,401,,,239,833,,,469,770,750,373,,,138,,,,,761,410,378,773,590,390,,,,,272,
,315,291,195,,,,,274,244,,740,,,271,576,774,,517,,,,,446,,,,691,812,511,770,,362,272,523,,,,,,282,,420,441,,131,373,593,786,397,810,,,692,405,,265,422,374,282,,,,,765,3,,,138,,581,,734,,469,,,,774,,,522,,,473,,803,383,432,,143,,,,510,818,,,,,,,,356,,,,,,901,449,,,213,319,405,,,240,835,,,471,771,751,375,,,140,,,,,764,411,379,774,612,391,,,,,275,
,316,292,196,,,,,275,252,,741,,,272,581,775,,518,,,,,447,,,,701,841,691,772,,364,275,524,,,,,,283,,423,461,,132,375,600,787,408,,,,790,421,,266,425,379,283,,,,,772,5,,,139,,582,,735,,476,,,,775,,,523,,,480,,816,383,433,,144,,,,512,845,,,,,,,,357,,,,,,951,450,,,215,320,410,,,241,840,,,472,772,752,390,,,141,,,,,765,412,380,775,614,402,,,,,277,
,318,294,198,,,,,277,255,,742,,,273,681,776,,520,,,,,448,,,,704,910,692,775,,365,277,530,,,,,,284,,425,464,,133,380,601,790,410,,,,841,437,,267,432,380,284,,,,,775,6,,,140,,584,,741,,480,,,,776,,,524,,,483,,840,396,435,,145,,,,588,861,,,,,,,,358,,,,,,989,452,,,220,321,412,,,248,993,,,490,777,754,393,,,142,,,,,766,413,381,776,634,403,,,,,278,
,319,317,202,,,,,279,256,,743,,,274,691,777,,521,,,,,449,,,,710,960,710,780,,371,279,533,,,,,,285,,430,465,,134,393,610,795,420,,,,842,452,,268,433,381,285,,,,,780,10,,,141,,585,,751,,481,,,,780,,,525,,,490,,851,406,437,,146,,,,591,863,,,,,,,,359,,,,,,993,461,,,224,324,421,,,252,994,,,493,778,755,394,,,143,,,,,767,414,382,777,635,409,,,,,280,
,320,325,203,,,,,280,258,,744,,,274,692,779,,523,,,,,450,,,,714,993,711,,,372,280,535,,,,,,286,,434,466,,135,395,630,799,430,,,,843,489,,269,435,382,287,,,,,782,11,,,142,,586,,771,,485,,,,784,,,526,,,503,,853,410,438,,147,,,,600,864,,,,,,,,360,,,,,,994,462,,,228,325,422,,,253,,,,500,780,756,395,,,151,,,,,769,415,383,778,641,410,,,,,281,
,329,330,206,,,,,281,260,,802,,,277,697,780,,524,,,,,451,,,,720,994,720,,,374,281,541,,,,,,287,,440,469,,136,396,640,799,450,,,,850,490,,270,436,383,288,,,,,784,12,,,143,,609,,781,,486,,,,841,,,527,,,504,,859,411,439,,148,,,,601,865,,,,,,,,361,,,,,,,463,,,229,330,424,,,254,,,,501,781,760,396,,,161,,,,,770,417,384,779,642,413,,,,,285,
,330,334,210,,,,,282,261,,803,,,277,698,781,,525,,,,,452,,,,721,,747,,,375,282,550,,,,,,288,,445,470,,137,403,650,799,475,,,,860,500,,281,440,384,295,,,,,785,13,,,144,,613,,782,,503,,,,901,,,528,,,505,,860,418,440,,155,,,,607,867,,,,,,,,362,,,,,,,464,,,230,335,425,,,255,,,,502,787,763,415,,,162,,,,,772,418,385,792,654,415,,,,,290,
,332,335,217,,,,,283,262,,804,,,278,740,782,,526,,,,,453,,,,722,,901,,,376,288,555,,,,,,289,,450,475,,138,405,661,801,478,,,,890,504,,295,450,385,306,,,,,786,14,,,145,,620,,784,,512,,,,993,,,529,,,506,,862,515,441,,156,,,,609,868,,,,,,,,363,,,,,,,465,,,261,338,441,,,256,,,,503,900,764,425,,,163,,,,,790,419,386,802,655,416,,,,,302,
,333,336,220,,,,,284,265,,805,,,278,770,784,,527,,,,,460,,,,724,,,,,386,359,560,,,,,,290,,454,480,,140,406,662,802,479,,,,891,505,,296,460,386,465,,,,,787,15,,,151,,621,,795,,602,,,,994,,,530,,,550,,885,521,442,,157,,,,611,880,,,,,,,,364,,,,,,,466,,,266,341,447,,,257,,,,504,,767,430,,,164,,,,,792,420,387,803,664,417,,,,,313,
,334,337,222,,,,,285,267,,806,,,279,775,785,,528,,,,,463,,,,725,,,,,387,364,562,,,,,,291,,455,493,,141,407,666,804,493,,,,895,513,,334,480,388,467,,,,,788,15,,,152,,623,,796,,697,,,,,,,533,,,552,,886,522,443,,158,,,,613,885,,,,,,,,368,,,,,,,470,,,272,343,461,,,260,,,,512,,781,435,,,165,,,,,793,421,388,804,665,418,,,,,315,
,335,338,226,,,,,287,272,,807,,,279,780,791,,529,,,,,465,,,,730,,,,,390,374,572,,,,,,292,,460,496,,142,410,668,805,576,,,,900,515,,341,483,389,475,,,,,795,16,,,153,,624,,830,,,,,,,,,537,,,560,,890,523,445,,161,,,,614,910,,,,,,,,369,,,,,,,471,,,273,402,471,,,265,,,,514,,782,460,,,166,,,,,799,422,389,805,672,423,,,,,325,
,340,339,230,,,,,288,276,,808,,,290,790,841,,532,,,,,466,,,,731,,,,,393,375,575,,,,,,294,,461,503,,143,411,669,806,580,,,,993,522,,370,485,390,480,,,,,799,18,,,156,,625,,840,,,,,,,,,538,,,561,,992,524,446,,163,,,,615,920,,,,,,,,373,,,,,,,472,,,274,408,472,,,270,,,,517,,783,470,,,167,,,,,810,423,394,806,690,428,,,,,329,
,341,340,231,,,,,289,277,,888,,,290,795,842,,533,,,,,467,,,,735,,,,,396,377,576,,,,,,297,,465,504,,144,415,671,810,593,,,,,530,,390,486,396,481,,,,,800,19,,,158,,626,,992,,,,,,,,,539,,,562,,994,528,447,,164,,,,620,992,,,,,,,,376,,,,,,,473,,,275,409,481,,,271,,,,525,,784,475,,,180,,,,,820,424,395,808,691,458,,,,,336,
,344,341,232,,,,,290,280,,901,,,291,796,843,,534,,,,,468,,,,738,,,,,411,379,580,,,,,,298,,468,505,,146,416,672,813,693,,,,,554,,391,490,400,489,,,,,802,20,,,159,,641,,993,,,,,,,,,540,,,563,,,528,448,,166,,,,642,993,,,,,,,,388,,,,,,,474,,,280,414,491,,,272,,,,528,,790,480,,,181,,,,,821,425,397,809,692,490,,,,,337,
,350,345,233,,,,,291,281,,902,,,292,810,844,,536,,,,,469,,,,739,,,,,412,380,581,,,,,,300,,469,506,,147,417,673,814,694,,,,,555,,392,501,450,490,,,,,811,25,,,161,,651,,994,,,,,,,,,541,,,705,,,529,449,,167,,,,647,994,,,,,,,,393,,,,,,,475,,,282,416,492,,,276,,,,530,,791,485,,,183,,,,,822,426,398,811,701,493,,,,,340,
,356,350,234,,,,,292,282,,992,,,293,840,850,,537,,,,,470,,,,740,,,,,413,382,585,,,,,,331,,470,507,,148,420,675,818,700,,,,,561,,406,502,479,496,,,,,812,26,,,162,,660,,,,,,,,,,,542,,,706,,,529,454,,168,,,,671,,,,,,,,,396,,,,,,,476,,,285,419,510,,,280,,,,531,,804,490,,,184,,,,,823,427,401,812,702,499,,,,,345,
,385,351,235,,,,,293,284,,994,,,294,890,889,,538,,,,,471,,,,741,,,,,422,383,590,,,,,,350,,480,508,,149,431,683,823,705,,,,,562,,410,503,493,560,,,,,813,28,,,163,,672,,,,,,,,,,,543,,,730,,,533,455,,188,,,,675,,,,,,,,,411,,,,,,,477,,,292,424,515,,,281,,,,532,,805,496,,,185,,,,,824,429,402,813,705,500,,,,,350,
,386,352,237,,,,,294,285,,,,,296,900,990,,539,,,,,472,,,,744,,,,,423,385,630,,,,,,393,,485,509,,150,432,684,825,730,,,,,563,,412,504,500,683,,,,,815,30,,,164,,685,,,,,,,,,,,545,,,741,,,534,458,,200,,,,680,,,,,,,,,416,,,,,,,478,,,330,427,521,,,285,,,,533,,810,520,,,196,,,,,831,431,404,813,712,515,,,,,352,
,387,360,238,,,,,297,287,,,,,350,993,992,,545,,,,,473,,,,745,,,,,430,386,631,,,,,,460,,486,510,,151,433,685,826,732,,,,,564,,414,505,501,691,,,,,816,34,,,165,,690,,,,,,,,,,,547,,,742,,,535,459,,202,,,,685,,,,,,,,,421,,,,,,,479,,,335,438,529,,,287,,,,534,,811,527,,,201,,,,,832,433,405,814,713,596,,,,,353,
,388,365,240,,,,,299,288,,,,,390,994,994,,546,,,,,480,,,,747,,,,,431,390,633,,,,,,465,,490,512,,152,437,686,827,733,,,,,565,,415,506,502,692,,,,,825,35,,,166,,691,,,,,,,,,,,550,,,750,,,548,463,,203,,,,687,,,,,,,,,422,,,,,,,480,,,340,,543,,,288,,,,559,,886,530,,,205,,,,,834,444,414,814,722,637,,,,,354,
,389,371,248,,,,,300,300,,,,,395,,,,547,,,,,481,,,,752,,,,,432,395,635,,,,,,466,,493,513,,153,441,687,851,735,,,,,566,,416,508,505,693,,,,,840,38,,,174,,692,,,,,,,,,,,551,,,761,,,550,469,,204,,,,691,,,,,,,,,425,,,,,,,481,,,345,,545,,,290,,,,561,,890,565,,,206,,,,,835,445,415,815,724,657,,,,,355,
,395,374,250,,,,,301,301,,,,,402,,,,552,,,,,481,,,,754,,,,,433,411,636,,,,,,467,,495,515,,154,444,691,853,736,,,,,575,,419,511,508,,,,,,841,40,,,175,,696,,,,,,,,,,,558,,,762,,,551,471,,205,,,,692,,,,,,,,,427,,,,,,,482,,,351,,573,,,291,,,,564,,992,570,,,207,,,,,836,450,416,816,734,690,,,,,356,
,396,375,252,,,,,302,302,,,,,409,,,,554,,,,,482,,,,755,,,,,435,420,651,,,,,,468,,496,516,,155,448,692,883,737,,,,,576,,423,514,511,,,,,,842,41,,,176,,697,,,,,,,,,,,560,,,763,,,553,475,,206,,,,697,,,,,,,,,430,,,,,,,483,,,352,,581,,,333,,,,565,,,575,,,208,,,,,837,460,417,818,743,691,,,,,360,
,400,378,259,,,,,303,303,,,,,410,,,,555,,,,,482,,,,756,,,,,437,442,655,,,,,,470,,510,517,,158,450,695,886,738,,,,,583,,424,517,514,,,,,,843,42,,,177,,700,,,,,,,,,,,561,,,764,,,553,476,,207,,,,703,,,,,,,,,432,,,,,,,484,,,353,,582,,,345,,,,566,,,581,,,209,,,,,840,468,601,818,744,692,,,,,361,
,402,387,270,,,,,304,304,,,,,421,,,,558,,,,,484,,,,757,,,,,450,450,662,,,,,,473,,511,518,,161,451,698,889,739,,,,,585,,428,518,515,,,,,,850,43,,,178,,701,,,,,,,,,,,562,,,765,,,555,477,,211,,,,704,,,,,,,,,435,,,,,,,485,,,354,,585,,,350,,,,567,,,585,,,211,,,,,841,469,613,819,754,700,,,,,362,
,403,390,272,,,,,330,329,,,,,422,,,,562,,,,,485,,,,760,,,,,452,452,665,,,,,,474,,520,519,,164,459,701,890,740,,,,,586,,429,520,517,,,,,,851,44,,,179,,702,,,,,,,,,,,563,,,781,,,564,478,,212,,,,710,,,,,,,,,443,,,,,,,486,,,355,,594,,,381,,,,569,,,590,,,212,,,,,842,481,614,823,755,701,,,,,363,
,404,392,277,,,,,340,330,,,,,422,,,,563,,,,,486,,,,761,,,,,453,453,672,,,,,,475,,525,520,,190,460,703,891,742,,,,,590,,430,521,520,,,,,,860,45,,,190,,703,,,,,,,,,,,564,,,782,,,566,479,,213,,,,715,,,,,,,,,444,,,,,,,487,,,357,,631,,,384,,,,570,,,596,,,214,,,,,843,691,617,824,756,710,,,,,365,
,405,394,278,,,,,352,331,,,,,423,,,,564,,,,,487,,,,762,,,,,454,454,690,,,,,,480,,540,521,,191,461,704,892,744,,,,,601,,435,522,521,,,,,,861,46,,,202,,704,,,,,,,,,,,565,,,783,,,577,482,,214,,,,720,,,,,,,,,453,,,,,,,488,,,360,,632,,,395,,,,572,,,686,,,215,,,,,845,692,620,825,757,713,,,,,368,
,410,394,280,,,,,353,332,,,,,423,,,,566,,,,,488,,,,763,,,,,463,456,691,,,,,,484,,545,522,,202,462,705,893,746,,,,,611,,436,523,545,,,,,,891,47,,,203,,705,,,,,,,,,,,566,,,784,,,578,484,,223,,,,721,,,,,,,,,457,,,,,,,491,,,362,,633,,,396,,,,573,,,690,,,217,,,,,850,696,621,827,763,718,,,,,370,
,414,396,284,,,,,360,333,,,,,424,,,,568,,,,,489,,,,764,,,,,464,460,692,,,,,,486,,550,523,,206,463,707,894,747,,,,,617,,437,525,590,,,,,,892,48,,,204,,706,,,,,,,,,,,567,,,799,,,590,485,,224,,,,722,,,,,,,,,458,,,,,,,492,,,364,,660,,,400,,,,601,,,691,,,218,,,,,853,700,625,830,765,720,,,,,371,
,419,398,290,,,,,361,350,,,,,425,,,,572,,,,,520,,,,765,,,,,466,462,715,,,,,,488,,551,524,,207,468,710,895,748,,,,,670,,440,550,601,,,,,,893,49,,,205,,707,,,,,,,,,,,573,,,893,,,594,487,,225,,,,723,,,,,,,,,459,,,,,,,500,,,368,,671,,,401,,,,602,,,692,,,220,,,,,855,707,630,831,767,798,,,,,373,
,421,410,291,,,,,362,357,,,,,426,,,,574,,,,,530,,,,766,,,,,470,463,720,,,,,,489,,560,526,,208,470,722,897,749,,,,,675,,441,552,602,,,,,,897,50,,,206,,708,,,,,,,,,,,574,,,894,,,635,488,,226,,,,725,,,,,,,,,460,,,,,,,501,,,370,,672,,,404,,,,693,,,696,,,222,,,,,856,708,650,832,772,992,,,,,374,
,430,420,294,,,,,365,358,,,,,427,,,,580,,,,,541,,,,767,,,,,471,466,721,,,,,,491,,570,527,,213,471,724,900,750,,,,,687,,442,555,605,,,,,,960,51,,,207,,709,,,,,,,,,,,578,,,895,,,641,489,,227,,,,726,,,,,,,,,465,,,,,,,502,,,381,,691,,,406,,,,694,,,698,,,224,,,,,860,709,661,833,790,,,,,,375,
,444,439,295,,,,,368,359,,,,,430,,,,582,,,,,550,,,,769,,,,,472,468,722,,,,,,493,,571,528,,215,474,725,905,751,,,,,690,,444,560,615,,,,,,992,52,,,210,,710,,,,,,,,,,,583,,,896,,,643,490,,228,,,,727,,,,,,,,,467,,,,,,,503,,,384,,692,,,409,,,,701,,,700,,,225,,,,,874,711,676,834,822,,,,,,380,
,449,440,296,,,,,369,360,,,,,431,,,,583,,,,,551,,,,770,,,,,490,469,723,,,,,,566,,575,529,,218,475,726,910,770,,,,,691,,446,563,616,,,,,,994,53,,,212,,711,,,,,,,,,,,676,,,897,,,653,522,,230,,,,730,,,,,,,,,469,,,,,,,504,,,390,,701,,,410,,,,702,,,710,,,226,,,,,875,715,677,836,824,,,,,,382,
,451,460,297,,,,,370,365,,,,,434,,,,584,,,,,560,,,,771,,,,,499,470,724,,,,,,567,,580,530,,219,479,732,992,780,,,,,692,,447,567,625,,,,,,,54,,,213,,712,,,,,,,,,,,678,,,940,,,656,523,,232,,,,740,,,,,,,,,475,,,,,,,505,,,396,,711,,,411,,,,703,,,716,,,227,,,,,880,717,678,840,831,,,,,,386,
,460,475,298,,,,,383,375,,,,,436,,,,585,,,,,692,,,,773,,,,,500,472,730,,,,,,586,,586,531,,220,480,742,994,781,,,,,714,,448,580,630,,,,,,,57,,,220,,714,,,,,,,,,,,681,,,993,,,657,530,,233,,,,746,,,,,,,,,481,,,,,,,506,,,397,,712,,,412,,,,704,,,717,,,232,,,,,881,718,679,841,832,,,,,,388,
,461,482,300,,,,,385,379,,,,,439,,,,586,,,,,701,,,,774,,,,,521,473,734,,,,,,587,,590,532,,221,481,754,,782,,,,,726,,451,590,640,,,,,,,58,,,225,,718,,,,,,,,,,,691,,,994,,,661,531,,234,,,,750,,,,,,,,,484,,,,,,,507,,,411,,715,,,416,,,,705,,,760,,,233,,,,,882,720,680,849,833,,,,,,393,
,480,483,302,,,,,387,380,,,,,440,,,,587,,,,,721,,,,776,,,,,523,477,735,,,,,,588,,595,533,,223,482,755,,783,,,,,734,,452,595,645,,,,,,,59,,,226,,719,,,,,,,,,,,692,,,,,,662,532,,236,,,,752,,,,,,,,,485,,,,,,,508,,,412,,721,,,417,,,,707,,,780,,,235,,,,,883,753,681,850,834,,,,,,396,
,485,485,303,,,,,390,381,,,,,441,,,,588,,,,,730,,,,781,,,,,524,478,737,,,,,,589,,596,534,,224,485,756,,784,,,,,784,,453,608,650,,,,,,,60,,,228,,720,,,,,,,,,,,712,,,,,,668,533,,239,,,,776,,,,,,,,,486,,,,,,,509,,,415,,722,,,418,,,,708,,,788,,,236,,,,,884,754,682,851,835,,,,,,402,
,486,486,306,,,,,391,382,,,,,441,,,,589,,,,,731,,,,785,,,,,525,479,740,,,,,,590,,691,535,,225,489,757,,785,,,,,789,,456,655,655,,,,,,,61,,,229,,721,,,,,,,,,,,715,,,,,,669,537,,240,,,,777,,,,,,,,,488,,,,,,,510,,,421,,741,,,419,,,,709,,,789,,,239,,,,,885,760,683,852,836,,,,,,405,
,487,487,312,,,,,396,383,,,,,442,,,,590,,,,,732,,,,786,,,,,526,482,741,,,,,,650,,692,540,,226,490,758,,789,,,,,790,,457,691,685,,,,,,,62,,,230,,722,,,,,,,,,,,716,,,,,,676,541,,245,,,,778,,,,,,,,,489,,,,,,,511,,,422,,771,,,420,,,,719,,,799,,,240,,,,,900,761,684,860,842,,,,,,410,
,488,488,315,,,,,400,384,,,,,443,,,,591,,,,,733,,,,787,,,,,527,483,744,,,,,,666,,698,541,,227,491,759,,890,,,,,794,,458,692,700,,,,,,,65,,,231,,723,,,,,,,,,,,723,,,,,,677,542,,248,,,,779,,,,,,,,,490,,,,,,,512,,,423,,772,,,421,,,,720,,,801,,,241,,,,,910,762,691,861,851,,,,,,415,
,491,489,317,,,,,445,386,,,,,444,,,,592,,,,,741,,,,788,,,,,532,485,750,,,,,,667,,700,542,,228,492,760,,990,,,,,795,,460,700,703,,,,,,,66,,,233,,724,,,,,,,,,,,730,,,,,,680,544,,251,,,,780,,,,,,,,,517,,,,,,,513,,,424,,780,,,422,,,,721,,,802,,,242,,,,,911,763,692,863,852,,,,,,424,
,691,493,318,,,,,450,387,,,,,445,,,,593,,,,,742,,,,789,,,,,534,487,752,,,,,,691,,701,546,,230,493,761,,993,,,,,796,,464,701,706,,,,,,,67,,,234,,725,,,,,,,,,,,790,,,,,,681,550,,254,,,,781,,,,,,,,,565,,,,,,,514,,,427,,821,,,424,,,,738,,,805,,,243,,,,,912,800,701,864,853,,,,,,438,
,692,498,319,,,,,451,390,,,,,446,,,,598,,,,,742,,,,793,,,,,535,489,755,,,,,,692,,710,550,,232,510,762,,,,,,,797,,468,703,820,,,,,,,68,,,235,,728,,,,,,,,,,,794,,,,,,690,553,,255,,,,786,,,,,,,,,570,,,,,,,515,,,428,,822,,,428,,,,739,,,810,,,244,,,,,913,801,702,865,854,,,,,,440,
,,510,320,,,,,452,425,,,,,447,,,,600,,,,,744,,,,800,,,,,537,490,761,,,,,,697,,711,551,,233,511,763,,,,,,,840,,470,704,825,,,,,,,69,,,236,,732,,,,,,,,,,,814,,,,,,691,557,,258,,,,787,,,,,,,,,574,,,,,,,516,,,432,,823,,,429,,,,740,,,820,,,245,,,,,914,802,709,870,855,,,,,,441,
,,511,323,,,,,453,427,,,,,447,,,,601,,,,,745,,,,801,,,,,545,494,763,,,,,,720,,720,552,,234,520,764,,,,,,,890,,477,705,830,,,,,,,70,,,237,,733,,,,,,,,,,,860,,,,,,692,560,,261,,,,788,,,,,,,,,575,,,,,,,518,,,433,,824,,,430,,,,741,,,830,,,246,,,,,915,803,710,871,856,,,,,,442,
,,512,325,,,,,454,429,,,,,448,,,,602,,,,,752,,,,802,,,,,546,496,764,,,,,,721,,721,555,,235,522,765,,,,,,,992,,480,706,840,,,,,,,71,,,238,,735,,,,,,,,,,,861,,,,,,751,561,,263,,,,789,,,,,,,,,577,,,,,,,519,,,440,,829,,,431,,,,742,,,831,,,247,,,,,916,804,711,871,857,,,,,,443,
,,641,326,,,,,455,431,,,,,449,,,,603,,,,,754,,,,805,,,,,547,500,766,,,,,,722,,770,556,,236,530,766,,,,,,,993,,491,707,845,,,,,,,72,,,239,,737,,,,,,,,,,,862,,,,,,753,562,,265,,,,790,,,,,,,,,578,,,,,,,520,,,445,,831,,,432,,,,743,,,882,,,248,,,,,917,806,712,880,881,,,,,,444,
,,671,330,,,,,457,435,,,,,450,,,,604,,,,,755,,,,823,,,,,548,527,767,,,,,,723,,771,557,,237,547,767,,,,,,,994,,493,708,850,,,,,,,73,,,240,,739,,,,,,,,,,,893,,,,,,754,564,,266,,,,799,,,,,,,,,634,,,,,,,529,,,450,,832,,,433,,,,744,,,895,,,263,,,,,918,807,713,882,890,,,,,,445,
,,685,331,,,,,460,436,,,,,451,,,,606,,,,,758,,,,890,,,,,549,535,768,,,,,,724,,775,560,,238,562,768,,,,,,,,,541,710,855,,,,,,,75,,,241,,740,,,,,,,,,,,897,,,,,,755,565,,267,,,,810,,,,,,,,,635,,,,,,,591,,,451,,861,,,434,,,,746,,,901,,,266,,,,,919,808,714,888,891,,,,,,446,
,,691,333,,,,,461,440,,,,,451,,,,607,,,,,761,,,,891,,,,,550,547,770,,,,,,725,,799,561,,239,563,769,,,,,,,,,542,711,860,,,,,,,76,,,242,,746,,,,,,,,,,,992,,,,,,756,570,,269,,,,811,,,,,,,,,652,,,,,,,601,,,452,,862,,,435,,,,750,,,992,,,270,,,,,920,810,715,889,892,,,,,,447,
,,692,334,,,,,462,441,,,,,452,,,,610,,,,,764,,,,896,,,,,551,558,775,,,,,,726,,805,562,,240,565,770,,,,,,,,,543,712,861,,,,,,,77,,,243,,747,,,,,,,,,,,993,,,,,,761,571,,280,,,,812,,,,,,,,,659,,,,,,,608,,,453,,871,,,438,,,,751,,,994,,,280,,,,,921,811,716,896,893,,,,,,448,
,,700,335,,,,,463,442,,,,,453,,,,611,,,,,767,,,,911,,,,,561,560,776,,,,,,727,,806,563,,241,567,771,,,,,,,,,544,804,865,,,,,,,78,,,244,,748,,,,,,,,,,,994,,,,,,762,572,,281,,,,815,,,,,,,,,660,,,,,,,609,,,454,,872,,,440,,,,760,,,,,,283,,,,,922,812,725,897,894,,,,,,450,
,,701,340,,,,,464,445,,,,,454,,,,617,,,,,780,,,,992,,,,,562,563,777,,,,,,728,,810,564,,242,569,773,,,,,,,,,567,805,870,,,,,,,79,,,245,,749,,,,,,,,,,,,,,,,,768,577,,282,,,,819,,,,,,,,,670,,,,,,,610,,,455,,873,,,441,,,,761,,,,,,284,,,,,923,813,737,898,910,,,,,,451,
,,702,342,,,,,465,447,,,,,455,,,,618,,,,,781,,,,994,,,,,564,621,781,,,,,,750,,811,565,,244,580,775,,,,,,,,,577,806,875,,,,,,,81,,,246,,750,,,,,,,,,,,,,,,,,769,580,,283,,,,820,,,,,,,,,673,,,,,,,611,,,456,,883,,,442,,,,762,,,,,,285,,,,,940,814,738,900,930,,,,,,458,
,,714,343,,,,,466,453,,,,,456,,,,623,,,,,783,,,,,,,,,568,622,782,,,,,,752,,820,566,,248,581,777,,,,,,,,,591,809,880,,,,,,,83,,,247,,751,,,,,,,,,,,,,,,,,771,581,,284,,,,821,,,,,,,,,674,,,,,,,613,,,457,,885,,,443,,,,763,,,,,,286,,,,,941,816,741,901,940,,,,,,460,
,,715,345,,,,,467,469,,,,,457,,,,624,,,,,786,,,,,,,,,571,624,786,,,,,,760,,821,567,,249,585,780,,,,,,,,,592,851,885,,,,,,,85,,,248,,752,,,,,,,,,,,,,,,,,773,582,,285,,,,823,,,,,,,,,675,,,,,,,614,,,459,,893,,,444,,,,766,,,,,,287,,,,,994,818,742,902,950,,,,,,465,
,,720,347,,,,,469,471,,,,,458,,,,625,,,,,791,,,,,,,,,572,685,787,,,,,,762,,840,568,,250,586,781,,,,,,,,,594,852,889,,,,,,,86,,,249,,753,,,,,,,,,,,,,,,,,774,583,,286,,,,824,,,,,,,,,676,,,,,,,615,,,460,,895,,,447,,,,767,,,,,,288,,,,,,820,743,966,960,,,,,,471,
,,775,350,,,,,470,482,,,,,459,,,,626,,,,,921,,,,,,,,,573,691,788,,,,,,764,,841,570,,251,593,782,,,,,,,,,597,853,896,,,,,,,89,,,250,,754,,,,,,,,,,,,,,,,,775,584,,287,,,,825,,,,,,,,,680,,,,,,,616,,,462,,896,,,448,,,,768,,,,,,289,,,,,,821,744,993,970,,,,,,475,
,,795,355,,,,,471,483,,,,,461,,,,650,,,,,931,,,,,,,,,574,692,790,,,,,,766,,845,571,,252,602,783,,,,,,,,,598,854,899,,,,,,,90,,,251,,755,,,,,,,,,,,,,,,,,776,585,,288,,,,826,,,,,,,,,690,,,,,,,617,,,463,,897,,,449,,,,780,,,,,,314,,,,,,822,745,994,992,,,,,,476,
,,820,356,,,,,472,487,,,,,462,,,,653,,,,,941,,,,,,,,,575,700,822,,,,,,770,,846,572,,255,608,784,,,,,,,,,650,855,980,,,,,,,93,,,252,,756,,,,,,,,,,,,,,,,,781,588,,289,,,,827,,,,,,,,,691,,,,,,,620,,,465,,899,,,450,,,,781,,,,,,315,,,,,,823,746,,994,,,,,,477,
,,840,360,,,,,473,488,,,,,463,,,,688,,,,,951,,,,,,,,,576,737,824,,,,,,772,,847,573,,256,641,785,,,,,,,,,691,856,985,,,,,,,94,,,253,,757,,,,,,,,,,,,,,,,,782,589,,291,,,,828,,,,,,,,,692,,,,,,,621,,,468,,901,,,451,,,,790,,,,,,322,,,,,,825,747,,,,,,,,479,
,,850,361,,,,,474,489,,,,,464,,,,691,,,,,961,,,,,,,,,577,741,825,,,,,,774,,848,574,,257,669,786,,,,,,,,,692,857,992,,,,,,,95,,,254,,758,,,,,,,,,,,,,,,,,853,591,,292,,,,830,,,,,,,,,,,,,,,,624,,,470,,992,,,452,,,,791,,,,,,323,,,,,,826,750,,,,,,,,482,
,,878,365,,,,,475,490,,,,,465,,,,692,,,,,981,,,,,,,,,596,745,831,,,,,,776,,850,575,,261,675,787,,,,,,,,,697,858,994,,,,,,,4,,,255,,760,,,,,,,,,,,,,,,,,854,592,,294,,,,831,,,,,,,,,,,,,,,,630,,,471,,993,,,453,,,,792,,,,,,325,,,,,,830,834,,,,,,,,486,
,,880,370,,,,,476,496,,,,,469,,,,701,,,,,992,,,,,,,,,610,747,832,,,,,,780,,851,576,,263,685,788,,,,,,,,,702,859,,,,,,,,10,,,256,,762,,,,,,,,,,,,,,,,,857,596,,296,,,,832,,,,,,,,,,,,,,,,631,,,473,,994,,,457,,,,793,,,,,,332,,,,,,831,835,,,,,,,,500,
,,890,375,,,,,482,522,,,,,471,,,,702,,,,,993,,,,,,,,,620,796,841,,,,,,782,,855,583,,264,686,789,,,,,,,,,703,860,,,,,,,,15,,,257,,765,,,,,,,,,,,,,,,,,891,602,,300,,,,833,,,,,,,,,,,,,,,,636,,,474,,,,,458,,,,795,,,,,,338,,,,,,832,836,,,,,,,,501,
,,895,377,,,,,483,536,,,,,471,,,,703,,,,,994,,,,,,,,,624,821,842,,,,,,784,,860,591,,265,693,791,,,,,,,,,704,861,,,,,,,,20,,,258,,766,,,,,,,,,,,,,,,,,892,603,,302,,,,834,,,,,,,,,,,,,,,,691,,,475,,,,,459,,,,796,,,,,,340,,,,,,833,840,,,,,,,,503,
,,900,380,,,,,485,537,,,,,472,,,,704,,,,,,,,,,,,,,625,841,844,,,,,,790,,861,593,,266,694,793,,,,,,,,,705,862,,,,,,,,23,,,259,,767,,,,,,,,,,,,,,,,,893,604,,303,,,,835,,,,,,,,,,,,,,,,700,,,476,,,,,469,,,,803,,,,,,342,,,,,,835,992,,,,,,,,517,
,,901,390,,,,,488,538,,,,,473,,,,705,,,,,,,,,,,,,,635,842,850,,,,,,791,,865,595,,267,698,795,,,,,,,,,706,863,,,,,,,,30,,,260,,770,,,,,,,,,,,,,,,,,894,605,,304,,,,838,,,,,,,,,,,,,,,,718,,,480,,,,,470,,,,804,,,,,,343,,,,,,836,993,,,,,,,,524,
,,902,393,,,,,490,539,,,,,473,,,,801,,,,,,,,,,,,,,636,843,870,,,,,,792,,866,601,,268,710,797,,,,,,,,,710,864,,,,,,,,60,,,261,,781,,,,,,,,,,,,,,,,,895,625,,305,,,,840,,,,,,,,,,,,,,,,722,,,482,,,,,471,,,,806,,,,,,345,,,,,,840,994,,,,,,,,537,
,,948,395,,,,,514,545,,,,,474,,,,808,,,,,,,,,,,,,,637,844,872,,,,,,793,,867,605,,269,765,850,,,,,,,,,711,900,,,,,,,,71,,,262,,782,,,,,,,,,,,,,,,,,896,630,,306,,,,841,,,,,,,,,,,,,,,,725,,,485,,,,,472,,,,807,,,,,,350,,,,,,841,,,,,,,,,553,
,,992,396,,,,,551,557,,,,,474,,,,809,,,,,,,,,,,,,,638,890,875,,,,,,796,,868,614,,270,891,890,,,,,,,,,715,993,,,,,,,,72,,,263,,783,,,,,,,,,,,,,,,,,920,631,,307,,,,842,,,,,,,,,,,,,,,,726,,,491,,,,,473,,,,809,,,,,,352,,,,,,842,,,,,,,,,555,
,,993,400,,,,,552,570,,,,,475,,,,810,,,,,,,,,,,,,,640,892,892,,,,,,797,,870,615,,271,961,981,,,,,,,,,720,994,,,,,,,,73,,,264,,785,,,,,,,,,,,,,,,,,921,634,,308,,,,849,,,,,,,,,,,,,,,,732,,,494,,,,,476,,,,810,,,,,,362,,,,,,843,,,,,,,,,560,
,,994,405,,,,,553,574,,,,,475,,,,830,,,,,,,,,,,,,,642,894,910,,,,,,799,,871,616,,272,992,989,,,,,,,,,760,,,,,,,,,74,,,266,,786,,,,,,,,,,,,,,,,,925,652,,309,,,,850,,,,,,,,,,,,,,,,733,,,496,,,,,477,,,,811,,,,,,365,,,,,,850,,,,,,,,,561,
,,,406,,,,,554,581,,,,,476,,,,831,,,,,,,,,,,,,,644,900,911,,,,,,800,,872,617,,274,993,990,,,,,,,,,790,,,,,,,,,80,,,268,,787,,,,,,,,,,,,,,,,,992,653,,331,,,,860,,,,,,,,,,,,,,,,737,,,562,,,,,488,,,,812,,,,,,366,,,,,,851,,,,,,,,,562,
,,,410,,,,,555,582,,,,,476,,,,832,,,,,,,,,,,,,,645,992,915,,,,,,801,,873,626,,278,994,991,,,,,,,,,801,,,,,,,,,81,,,269,,789,,,,,,,,,,,,,,,,,993,656,,332,,,,863,,,,,,,,,,,,,,,,791,,,691,,,,,490,,,,813,,,,,,367,,,,,,852,,,,,,,,,568,
,,,411,,,,,556,583,,,,,479,,,,837,,,,,,,,,,,,,,646,993,916,,,,,,802,,876,627,,279,,992,,,,,,,,,802,,,,,,,,,82,,,270,,793,,,,,,,,,,,,,,,,,994,670,,333,,,,864,,,,,,,,,,,,,,,,800,,,692,,,,,630,,,,814,,,,,,368,,,,,,853,,,,,,,,,573,
,,,412,,,,,557,584,,,,,479,,,,838,,,,,,,,,,,,,,647,994,917,,,,,,803,,877,628,,282,,993,,,,,,,,,803,,,,,,,,,83,,,271,,794,,,,,,,,,,,,,,,,,,671,,338,,,,865,,,,,,,,,,,,,,,,801,,,698,,,,,631,,,,815,,,,,,371,,,,,,854,,,,,,,,,576,
,,,413,,,,,583,586,,,,,480,,,,851,,,,,,,,,,,,,,650,,918,,,,,,805,,880,629,,283,,994,,,,,,,,,804,,,,,,,,,84,,,272,,795,,,,,,,,,,,,,,,,,,673,,355,,,,868,,,,,,,,,,,,,,,,802,,,700,,,,,632,,,,817,,,,,,375,,,,,,855,,,,,,,,,583,
,,,413,,,,,586,681,,,,,490,,,,852,,,,,,,,,,,,,,652,,980,,,,,,806,,881,630,,284,,,,,,,,,,,805,,,,,,,,,85,,,273,,796,,,,,,,,,,,,,,,,,,674,,363,,,,869,,,,,,,,,,,,,,,,803,,,705,,,,,691,,,,818,,,,,,381,,,,,,860,,,,,,,,,610,
,,,414,,,,,588,682,,,,,495,,,,853,,,,,,,,,,,,,,653,,990,,,,,,813,,882,685,,288,,,,,,,,,,,811,,,,,,,,,86,,,274,,797,,,,,,,,,,,,,,,,,,681,,364,,,,870,,,,,,,,,,,,,,,,804,,,710,,,,,692,,,,822,,,,,,382,,,,,,861,,,,,,,,,620,
,,,414,,,,,590,691,,,,,501,,,,854,,,,,,,,,,,,,,654,,991,,,,,,814,,883,686,,289,,,,,,,,,,,812,,,,,,,,,90,,,275,,800,,,,,,,,,,,,,,,,,,683,,381,,,,871,,,,,,,,,,,,,,,,805,,,715,,,,,693,,,,823,,,,,,383,,,,,,862,,,,,,,,,660,
,,,415,,,,,592,692,,,,,514,,,,856,,,,,,,,,,,,,,655,,992,,,,,,820,,890,687,,290,,,,,,,,,,,813,,,,,,,,,93,,,276,,818,,,,,,,,,,,,,,,,,,690,,390,,,,872,,,,,,,,,,,,,,,,806,,,720,,,,,698,,,,825,,,,,,384,,,,,,863,,,,,,,,,662,
,,,415,,,,,595,720,,,,,523,,,,857,,,,,,,,,,,,,,656,,993,,,,,,821,,892,688,,291,,,,,,,,,,,814,,,,,,,,,30,,,277,,841,,,,,,,,,,,,,,,,,,691,,471,,,,873,,,,,,,,,,,,,,,,807,,,725,,,,,700,,,,827,,,,,,385,,,,,,870,,,,,,,,,664,
,,,416,,,,,597,721,,,,,524,,,,858,,,,,,,,,,,,,,657,,994,,,,,,830,,896,689,,292,,,,,,,,,,,815,,,,,,,,,40,,,278,,842,,,,,,,,,,,,,,,,,,692,,493,,,,874,,,,,,,,,,,,,,,,808,,,730,,,,,701,,,,828,,,,,,386,,,,,,871,,,,,,,,,665,
,,,417,,,,,691,722,,,,,525,,,,860,,,,,,,,,,,,,,660,,,,,,,,841,,899,691,,293,,,,,,,,,,,900,,,,,,,,,45,,,279,,843,,,,,,,,,,,,,,,,,,701,,676,,,,875,,,,,,,,,,,,,,,,809,,,735,,,,,703,,,,829,,,,,,387,,,,,,872,,,,,,,,,666,
,,,417,,,,,692,725,,,,,525,,,,861,,,,,,,,,,,,,,661,,,,,,,,842,,900,694,,295,,,,,,,,,,,993,,,,,,,,,46,,,280,,857,,,,,,,,,,,,,,,,,,702,,691,,,,876,,,,,,,,,,,,,,,,810,,,740,,,,,704,,,,830,,,,,,390,,,,,,901,,,,,,,,,691,
,,,418,,,,,750,730,,,,,526,,,,862,,,,,,,,,,,,,,662,,,,,,,,843,,910,697,,300,,,,,,,,,,,994,,,,,,,,,47,,,281,,873,,,,,,,,,,,,,,,,,,703,,692,,,,877,,,,,,,,,,,,,,,,811,,,745,,,,,705,,,,831,,,,,,395,,,,,,905,,,,,,,,,692,
,,,419,,,,,751,731,,,,,527,,,,865,,,,,,,,,,,,,,665,,,,,,,,844,,920,698,,300,,,,,,,,,,,,,,,,,,,,51,,,282,,881,,,,,,,,,,,,,,,,,,704,,750,,,,878,,,,,,,,,,,,,,,,812,,,750,,,,,708,,,,833,,,,,,401,,,,,,950,,,,,,,,,695,
,,,420,,,,,755,740,,,,,527,,,,867,,,,,,,,,,,,,,666,,,,,,,,845,,958,701,,301,,,,,,,,,,,,,,,,,,,,52,,,283,,882,,,,,,,,,,,,,,,,,,705,,751,,,,879,,,,,,,,,,,,,,,,813,,,755,,,,,710,,,,838,,,,,,402,,,,,,960,,,,,,,,,715,
,,,421,,,,,763,741,,,,,528,,,,868,,,,,,,,,,,,,,667,,,,,,,,875,,960,702,,302,,,,,,,,,,,,,,,,,,,,53,,,284,,883,,,,,,,,,,,,,,,,,,710,,830,,,,880,,,,,,,,,,,,,,,,814,,,760,,,,,711,,,,839,,,,,,403,,,,,,961,,,,,,,,,725,
,,,422,,,,,777,742,,,,,528,,,,876,,,,,,,,,,,,,,668,,,,,,,,992,,966,703,,303,,,,,,,,,,,,,,,,,,,,55,,,285,,884,,,,,,,,,,,,,,,,,,711,,850,,,,881,,,,,,,,,,,,,,,,816,,,765,,,,,712,,,,840,,,,,,404,,,,,,962,,,,,,,,,726,
,,,423,,,,,794,770,,,,,529,,,,880,,,,,,,,,,,,,,676,,,,,,,,,,968,704,,304,,,,,,,,,,,,,,,,,,,,56,,,287,,886,,,,,,,,,,,,,,,,,,712,,870,,,,882,,,,,,,,,,,,,,,,817,,,770,,,,,713,,,,842,,,,,,409,,,,,,970,,,,,,,,,730,
,,,424,,,,,798,780,,,,,532,,,,881,,,,,,,,,,,,,,681,,,,,,,,,,970,705,,305,,,,,,,,,,,,,,,,,,,,57,,,288,,887,,,,,,,,,,,,,,,,,,713,,890,,,,899,,,,,,,,,,,,,,,,821,,,775,,,,,714,,,,843,,,,,,410,,,,,,971,,,,,,,,,735,
,,,425,,,,,850,781,,,,,534,,,,882,,,,,,,,,,,,,,682,,,,,,,,,,971,706,,306,,,,,,,,,,,,,,,,,,,,58,,,289,,888,,,,,,,,,,,,,,,,,,717,,930,,,,901,,,,,,,,,,,,,,,,822,,,780,,,,,715,,,,844,,,,,,411,,,,,,979,,,,,,,,,751,
,,,426,,,,,851,782,,,,,535,,,,885,,,,,,,,,,,,,,683,,,,,,,,,,981,707,,307,,,,,,,,,,,,,,,,,,,,59,,,291,,889,,,,,,,,,,,,,,,,,,718,,950,,,,902,,,,,,,,,,,,,,,,823,,,785,,,,,716,,,,845,,,,,,412,,,,,,980,,,,,,,,,753,
,,,427,,,,,852,783,,,,,537,,,,886,,,,,,,,,,,,,,690,,,,,,,,,,985,708,,308,,,,,,,,,,,,,,,,,,,,62,,,302,,890,,,,,,,,,,,,,,,,,,719,,970,,,,903,,,,,,,,,,,,,,,,830,,,790,,,,,717,,,,846,,,,,,413,,,,,,993,,,,,,,,,755,
,,,428,,,,,910,785,,,,,542,,,,887,,,,,,,,,,,,,,691,,,,,,,,,,990,709,,309,,,,,,,,,,,,,,,,,,,,63,,,308,,988,,,,,,,,,,,,,,,,,,720,,991,,,,904,,,,,,,,,,,,,,,,831,,,800,,,,,718,,,,847,,,,,,414,,,,,,994,,,,,,,,,768,
,,,429,,,,,950,,,,,,543,,,,888,,,,,,,,,,,,,,692,,,,,,,,,,992,710,,310,,,,,,,,,,,,,,,,,,,,64,,,309,,992,,,,,,,,,,,,,,,,,,721,,993,,,,905,,,,,,,,,,,,,,,,832,,,805,,,,,720,,,,848,,,,,,420,,,,,,,,,,,,,,,770,
,,,435,,,,,952,,,,,,544,,,,890,,,,,,,,,,,,,,693,,,,,,,,,,994,711,,312,,,,,,,,,,,,,,,,,,,,65,,,310,,994,,,,,,,,,,,,,,,,,,730,,994,,,,906,,,,,,,,,,,,,,,,833,,,810,,,,,721,,,,849,,,,,,421,,,,,,,,,,,,,,,775,
,,,437,,,,,954,,,,,,545,,,,891,,,,,,,,,,,,,,694,,,,,,,,,,,712,,317,,,,,,,,,,,,,,,,,,,,66,,,311,,,,,,,,,,,,,,,,,,,,732,,,,,,908,,,,,,,,,,,,,,,,834,,,815,,,,,722,,,,850,,,,,,423,,,,,,,,,,,,,,,776,
,,,438,,,,,955,,,,,,547,,,,892,,,,,,,,,,,,,,695,,,,,,,,,,,713,,318,,,,,,,,,,,,,,,,,,,,67,,,312,,,,,,,,,,,,,,,,,,,,740,,,,,,909,,,,,,,,,,,,,,,,836,,,820,,,,,723,,,,859,,,,,,424,,,,,,,,,,,,,,,777,
,,,439,,,,,956,,,,,,551,,,,899,,,,,,,,,,,,,,700,,,,,,,,,,,714,,323,,,,,,,,,,,,,,,,,,,,68,,,313,,,,,,,,,,,,,,,,,,,,742,,,,,,910,,,,,,,,,,,,,,,,837,,,825,,,,,724,,,,860,,,,,,425,,,,,,,,,,,,,,,790,
,,,441,,,,,957,,,,,,552,,,,899,,,,,,,,,,,,,,701,,,,,,,,,,,715,,324,,,,,,,,,,,,,,,,,,,,69,,,320,,,,,,,,,,,,,,,,,,,,743,,,,,,911,,,,,,,,,,,,,,,,839,,,830,,,,,725,,,,861,,,,,,426,,,,,,,,,,,,,,,796,
,,,442,,,,,958,,,,,,553,,,,992,,,,,,,,,,,,,,702,,,,,,,,,,,716,,325,,,,,,,,,,,,,,,,,,,,70,,,325,,,,,,,,,,,,,,,,,,,,752,,,,,,912,,,,,,,,,,,,,,,,840,,,835,,,,,726,,,,862,,,,,,427,,,,,,,,,,,,,,,851,
,,,443,,,,,959,,,,,,553,,,,994,,,,,,,,,,,,,,703,,,,,,,,,,,717,,327,,,,,,,,,,,,,,,,,,,,92,,,328,,,,,,,,,,,,,,,,,,,,753,,,,,,913,,,,,,,,,,,,,,,,841,,,840,,,,,727,,,,863,,,,,,428,,,,,,,,,,,,,,,858,
,,,444,,,,,960,,,,,,554,,,,,,,,,,,,,,,,,,704,,,,,,,,,,,718,,329,,,,,,,,,,,,,,,,,,,,94,,,329,,,,,,,,,,,,,,,,,,,,754,,,,,,914,,,,,,,,,,,,,,,,842,,,845,,,,,728,,,,864,,,,,,429,,,,,,,,,,,,,,,865,
,,,445,,,,,961,,,,,,555,,,,,,,,,,,,,,,,,,705,,,,,,,,,,,719,,330,,,,,,,,,,,,,,,,,,,,,,,330,,,,,,,,,,,,,,,,,,,,755,,,,,,915,,,,,,,,,,,,,,,,843,,,850,,,,,729,,,,865,,,,,,430,,,,,,,,,,,,,,,890,
,,,446,,,,,968,,,,,,555,,,,,,,,,,,,,,,,,,711,,,,,,,,,,,720,,331,,,,,,,,,,,,,,,,,,,,,,,331,,,,,,,,,,,,,,,,,,,,782,,,,,,916,,,,,,,,,,,,,,,,844,,,855,,,,,730,,,,866,,,,,,438,,,,,,,,,,,,,,,975,
,,,447,,,,,971,,,,,,561,,,,,,,,,,,,,,,,,,712,,,,,,,,,,,721,,337,,,,,,,,,,,,,,,,,,,,,,,332,,,,,,,,,,,,,,,,,,,,790,,,,,,917,,,,,,,,,,,,,,,,846,,,860,,,,,731,,,,867,,,,,,441,,,,,,,,,,,,,,,,
,,,448,,,,,972,,,,,,562,,,,,,,,,,,,,,,,,,713,,,,,,,,,,,722,,346,,,,,,,,,,,,,,,,,,,,,,,333,,,,,,,,,,,,,,,,,,,,795,,,,,,918,,,,,,,,,,,,,,,,886,,,865,,,,,732,,,,868,,,,,,442,,,,,,,,,,,,,,,,
,,,449,,,,,980,,,,,,563,,,,,,,,,,,,,,,,,,723,,,,,,,,,,,723,,351,,,,,,,,,,,,,,,,,,,,,,,334,,,,,,,,,,,,,,,,,,,,801,,,,,,920,,,,,,,,,,,,,,,,887,,,870,,,,,733,,,,869,,,,,,443,,,,,,,,,,,,,,,,
,,,451,,,,,981,,,,,,565,,,,,,,,,,,,,,,,,,724,,,,,,,,,,,724,,354,,,,,,,,,,,,,,,,,,,,,,,335,,,,,,,,,,,,,,,,,,,,810,,,,,,921,,,,,,,,,,,,,,,,888,,,880,,,,,734,,,,870,,,,,,444,,,,,,,,,,,,,,,,
,,,452,,,,,982,,,,,,567,,,,,,,,,,,,,,,,,,725,,,,,,,,,,,725,,356,,,,,,,,,,,,,,,,,,,,,,,340,,,,,,,,,,,,,,,,,,,,811,,,,,,922,,,,,,,,,,,,,,,,889,,,901,,,,,735,,,,871,,,,,,445,,,,,,,,,,,,,,,,
,,,453,,,,,983,,,,,,568,,,,,,,,,,,,,,,,,,726,,,,,,,,,,,727,,357,,,,,,,,,,,,,,,,,,,,,,,344,,,,,,,,,,,,,,,,,,,,825,,,,,,923,,,,,,,,,,,,,,,,891,,,990,,,,,736,,,,872,,,,,,446,,,,,,,,,,,,,,,,
,,,454,,,,,984,,,,,,579,,,,,,,,,,,,,,,,,,750,,,,,,,,,,,728,,359,,,,,,,,,,,,,,,,,,,,,,,346,,,,,,,,,,,,,,,,,,,,830,,,,,,924,,,,,,,,,,,,,,,,892,,,993,,,,,737,,,,873,,,,,,448,,,,,,,,,,,,,,,,
,,,455,,,,,985,,,,,,590,,,,,,,,,,,,,,,,,,752,,,,,,,,,,,729,,360,,,,,,,,,,,,,,,,,,,,,,,347,,,,,,,,,,,,,,,,,,,,840,,,,,,925,,,,,,,,,,,,,,,,893,,,994,,,,,738,,,,874,,,,,,450,,,,,,,,,,,,,,,,
,,,456,,,,,987,,,,,,590,,,,,,,,,,,,,,,,,,753,,,,,,,,,,,730,,361,,,,,,,,,,,,,,,,,,,,,,,348,,,,,,,,,,,,,,,,,,,,841,,,,,,928,,,,,,,,,,,,,,,,894,,,,,,,,739,,,,875,,,,,,454,,,,,,,,,,,,,,,,
,,,457,,,,,991,,,,,,602,,,,,,,,,,,,,,,,,,754,,,,,,,,,,,731,,362,,,,,,,,,,,,,,,,,,,,,,,349,,,,,,,,,,,,,,,,,,,,842,,,,,,930,,,,,,,,,,,,,,,,895,,,,,,,,740,,,,876,,,,,,465,,,,,,,,,,,,,,,,
,,,458,,,,,993,,,,,,604,,,,,,,,,,,,,,,,,,755,,,,,,,,,,,732,,363,,,,,,,,,,,,,,,,,,,,,,,350,,,,,,,,,,,,,,,,,,,,843,,,,,,932,,,,,,,,,,,,,,,,896,,,,,,,,741,,,,880,,,,,,474,,,,,,,,,,,,,,,,
,,,459,,,,,994,,,,,,605,,,,,,,,,,,,,,,,,,756,,,,,,,,,,,733,,365,,,,,,,,,,,,,,,,,,,,,,,352,,,,,,,,,,,,,,,,,,,,846,,,,,,933,,,,,,,,,,,,,,,,897,,,,,,,,742,,,,888,,,,,,480,,,,,,,,,,,,,,,,
,,,460,,,,,,,,,,,620,,,,,,,,,,,,,,,,,,758,,,,,,,,,,,734,,367,,,,,,,,,,,,,,,,,,,,,,,353,,,,,,,,,,,,,,,,,,,,847,,,,,,934,,,,,,,,,,,,,,,,898,,,,,,,,743,,,,889,,,,,,481,,,,,,,,,,,,,,,,
,,,461,,,,,,,,,,,621,,,,,,,,,,,,,,,,,,761,,,,,,,,,,,735,,368,,,,,,,,,,,,,,,,,,,,,,,354,,,,,,,,,,,,,,,,,,,,850,,,,,,935,,,,,,,,,,,,,,,,899,,,,,,,,744,,,,890,,,,,,482,,,,,,,,,,,,,,,,
,,,463,,,,,,,,,,,622,,,,,,,,,,,,,,,,,,769,,,,,,,,,,,736,,369,,,,,,,,,,,,,,,,,,,,,,,355,,,,,,,,,,,,,,,,,,,,860,,,,,,936,,,,,,,,,,,,,,,,,,,,,,,,745,,,,991,,,,,,485,,,,,,,,,,,,,,,,
,,,467,,,,,,,,,,,624,,,,,,,,,,,,,,,,,,770,,,,,,,,,,,737,,370,,,,,,,,,,,,,,,,,,,,,,,356,,,,,,,,,,,,,,,,,,,,861,,,,,,938,,,,,,,,,,,,,,,,,,,,,,,,746,,,,993,,,,,,487,,,,,,,,,,,,,,,,
,,,468,,,,,,,,,,,625,,,,,,,,,,,,,,,,,,771,,,,,,,,,,,738,,371,,,,,,,,,,,,,,,,,,,,,,,357,,,,,,,,,,,,,,,,,,,,862,,,,,,939,,,,,,,,,,,,,,,,,,,,,,,,747,,,,994,,,,,,488,,,,,,,,,,,,,,,,
,,,469,,,,,,,,,,,631,,,,,,,,,,,,,,,,,,772,,,,,,,,,,,739,,373,,,,,,,,,,,,,,,,,,,,,,,358,,,,,,,,,,,,,,,,,,,,870,,,,,,940,,,,,,,,,,,,,,,,,,,,,,,,750,,,,,,,,,,489,,,,,,,,,,,,,,,,
,,,470,,,,,,,,,,,632,,,,,,,,,,,,,,,,,,774,,,,,,,,,,,740,,374,,,,,,,,,,,,,,,,,,,,,,,359,,,,,,,,,,,,,,,,,,,,879,,,,,,941,,,,,,,,,,,,,,,,,,,,,,,,751,,,,,,,,,,501,,,,,,,,,,,,,,,,
,,,471,,,,,,,,,,,635,,,,,,,,,,,,,,,,,,790,,,,,,,,,,,741,,377,,,,,,,,,,,,,,,,,,,,,,,360,,,,,,,,,,,,,,,,,,,,890,,,,,,942,,,,,,,,,,,,,,,,,,,,,,,,752,,,,,,,,,,502,,,,,,,,,,,,,,,,
,,,473,,,,,,,,,,,639,,,,,,,,,,,,,,,,,,792,,,,,,,,,,,742,,378,,,,,,,,,,,,,,,,,,,,,,,361,,,,,,,,,,,,,,,,,,,,900,,,,,,943,,,,,,,,,,,,,,,,,,,,,,,,753,,,,,,,,,,503,,,,,,,,,,,,,,,,
,,,474,,,,,,,,,,,642,,,,,,,,,,,,,,,,,,798,,,,,,,,,,,743,,380,,,,,,,,,,,,,,,,,,,,,,,362,,,,,,,,,,,,,,,,,,,,992,,,,,,945,,,,,,,,,,,,,,,,,,,,,,,,754,,,,,,,,,,504,,,,,,,,,,,,,,,,
,,,477,,,,,,,,,,,643,,,,,,,,,,,,,,,,,,811,,,,,,,,,,,744,,381,,,,,,,,,,,,,,,,,,,,,,,363,,,,,,,,,,,,,,,,,,,,993,,,,,,950,,,,,,,,,,,,,,,,,,,,,,,,756,,,,,,,,,,512,,,,,,,,,,,,,,,,
,,,484,,,,,,,,,,,648,,,,,,,,,,,,,,,,,,812,,,,,,,,,,,745,,382,,,,,,,,,,,,,,,,,,,,,,,364,,,,,,,,,,,,,,,,,,,,994,,,,,,951,,,,,,,,,,,,,,,,,,,,,,,,757,,,,,,,,,,514,,,,,,,,,,,,,,,,
,,,490,,,,,,,,,,,649,,,,,,,,,,,,,,,,,,822,,,,,,,,,,,746,,384,,,,,,,,,,,,,,,,,,,,,,,365,,,,,,,,,,,,,,,,,,,,,,,,,,953,,,,,,,,,,,,,,,,,,,,,,,,758,,,,,,,,,,515,,,,,,,,,,,,,,,,
,,,502,,,,,,,,,,,650,,,,,,,,,,,,,,,,,,824,,,,,,,,,,,747,,385,,,,,,,,,,,,,,,,,,,,,,,366,,,,,,,,,,,,,,,,,,,,,,,,,,957,,,,,,,,,,,,,,,,,,,,,,,,759,,,,,,,,,,522,,,,,,,,,,,,,,,,
,,,503,,,,,,,,,,,657,,,,,,,,,,,,,,,,,,825,,,,,,,,,,,748,,386,,,,,,,,,,,,,,,,,,,,,,,367,,,,,,,,,,,,,,,,,,,,,,,,,,958,,,,,,,,,,,,,,,,,,,,,,,,763,,,,,,,,,,524,,,,,,,,,,,,,,,,
,,,520,,,,,,,,,,,659,,,,,,,,,,,,,,,,,,841,,,,,,,,,,,749,,387,,,,,,,,,,,,,,,,,,,,,,,368,,,,,,,,,,,,,,,,,,,,,,,,,,959,,,,,,,,,,,,,,,,,,,,,,,,768,,,,,,,,,,525,,,,,,,,,,,,,,,,
,,,523,,,,,,,,,,,661,,,,,,,,,,,,,,,,,,842,,,,,,,,,,,750,,388,,,,,,,,,,,,,,,,,,,,,,,369,,,,,,,,,,,,,,,,,,,,,,,,,,960,,,,,,,,,,,,,,,,,,,,,,,,770,,,,,,,,,,527,,,,,,,,,,,,,,,,
,,,525,,,,,,,,,,,662,,,,,,,,,,,,,,,,,,843,,,,,,,,,,,751,,389,,,,,,,,,,,,,,,,,,,,,,,370,,,,,,,,,,,,,,,,,,,,,,,,,,962,,,,,,,,,,,,,,,,,,,,,,,,771,,,,,,,,,,528,,,,,,,,,,,,,,,,
,,,535,,,,,,,,,,,669,,,,,,,,,,,,,,,,,,844,,,,,,,,,,,752,,390,,,,,,,,,,,,,,,,,,,,,,,372,,,,,,,,,,,,,,,,,,,,,,,,,,963,,,,,,,,,,,,,,,,,,,,,,,,773,,,,,,,,,,530,,,,,,,,,,,,,,,,
,,,537,,,,,,,,,,,680,,,,,,,,,,,,,,,,,,845,,,,,,,,,,,753,,392,,,,,,,,,,,,,,,,,,,,,,,373,,,,,,,,,,,,,,,,,,,,,,,,,,965,,,,,,,,,,,,,,,,,,,,,,,,774,,,,,,,,,,540,,,,,,,,,,,,,,,,
,,,538,,,,,,,,,,,690,,,,,,,,,,,,,,,,,,846,,,,,,,,,,,754,,396,,,,,,,,,,,,,,,,,,,,,,,374,,,,,,,,,,,,,,,,,,,,,,,,,,966,,,,,,,,,,,,,,,,,,,,,,,,775,,,,,,,,,,541,,,,,,,,,,,,,,,,
,,,539,,,,,,,,,,,692,,,,,,,,,,,,,,,,,,849,,,,,,,,,,,755,,399,,,,,,,,,,,,,,,,,,,,,,,375,,,,,,,,,,,,,,,,,,,,,,,,,,967,,,,,,,,,,,,,,,,,,,,,,,,776,,,,,,,,,,542,,,,,,,,,,,,,,,,
,,,540,,,,,,,,,,,701,,,,,,,,,,,,,,,,,,850,,,,,,,,,,,756,,400,,,,,,,,,,,,,,,,,,,,,,,376,,,,,,,,,,,,,,,,,,,,,,,,,,968,,,,,,,,,,,,,,,,,,,,,,,,777,,,,,,,,,,565,,,,,,,,,,,,,,,,
,,,541,,,,,,,,,,,703,,,,,,,,,,,,,,,,,,851,,,,,,,,,,,757,,402,,,,,,,,,,,,,,,,,,,,,,,377,,,,,,,,,,,,,,,,,,,,,,,,,,969,,,,,,,,,,,,,,,,,,,,,,,,778,,,,,,,,,,566,,,,,,,,,,,,,,,,
,,,542,,,,,,,,,,,704,,,,,,,,,,,,,,,,,,852,,,,,,,,,,,758,,403,,,,,,,,,,,,,,,,,,,,,,,381,,,,,,,,,,,,,,,,,,,,,,,,,,972,,,,,,,,,,,,,,,,,,,,,,,,780,,,,,,,,,,569,,,,,,,,,,,,,,,,
,,,545,,,,,,,,,,,705,,,,,,,,,,,,,,,,,,853,,,,,,,,,,,759,,404,,,,,,,,,,,,,,,,,,,,,,,382,,,,,,,,,,,,,,,,,,,,,,,,,,976,,,,,,,,,,,,,,,,,,,,,,,,782,,,,,,,,,,574,,,,,,,,,,,,,,,,
,,,550,,,,,,,,,,,758,,,,,,,,,,,,,,,,,,854,,,,,,,,,,,760,,406,,,,,,,,,,,,,,,,,,,,,,,383,,,,,,,,,,,,,,,,,,,,,,,,,,977,,,,,,,,,,,,,,,,,,,,,,,,783,,,,,,,,,,580,,,,,,,,,,,,,,,,
,,,551,,,,,,,,,,,801,,,,,,,,,,,,,,,,,,855,,,,,,,,,,,761,,407,,,,,,,,,,,,,,,,,,,,,,,384,,,,,,,,,,,,,,,,,,,,,,,,,,978,,,,,,,,,,,,,,,,,,,,,,,,784,,,,,,,,,,581,,,,,,,,,,,,,,,,
,,,559,,,,,,,,,,,810,,,,,,,,,,,,,,,,,,856,,,,,,,,,,,762,,408,,,,,,,,,,,,,,,,,,,,,,,385,,,,,,,,,,,,,,,,,,,,,,,,,,979,,,,,,,,,,,,,,,,,,,,,,,,786,,,,,,,,,,582,,,,,,,,,,,,,,,,
,,,574,,,,,,,,,,,829,,,,,,,,,,,,,,,,,,857,,,,,,,,,,,763,,409,,,,,,,,,,,,,,,,,,,,,,,388,,,,,,,,,,,,,,,,,,,,,,,,,,980,,,,,,,,,,,,,,,,,,,,,,,,787,,,,,,,,,,583,,,,,,,,,,,,,,,,
,,,584,,,,,,,,,,,831,,,,,,,,,,,,,,,,,,858,,,,,,,,,,,764,,410,,,,,,,,,,,,,,,,,,,,,,,390,,,,,,,,,,,,,,,,,,,,,,,,,,981,,,,,,,,,,,,,,,,,,,,,,,,788,,,,,,,,,,584,,,,,,,,,,,,,,,,
,,,585,,,,,,,,,,,832,,,,,,,,,,,,,,,,,,859,,,,,,,,,,,765,,411,,,,,,,,,,,,,,,,,,,,,,,395,,,,,,,,,,,,,,,,,,,,,,,,,,985,,,,,,,,,,,,,,,,,,,,,,,,789,,,,,,,,,,585,,,,,,,,,,,,,,,,
,,,586,,,,,,,,,,,841,,,,,,,,,,,,,,,,,,860,,,,,,,,,,,766,,430,,,,,,,,,,,,,,,,,,,,,,,396,,,,,,,,,,,,,,,,,,,,,,,,,,986,,,,,,,,,,,,,,,,,,,,,,,,790,,,,,,,,,,586,,,,,,,,,,,,,,,,
,,,590,,,,,,,,,,,842,,,,,,,,,,,,,,,,,,873,,,,,,,,,,,767,,437,,,,,,,,,,,,,,,,,,,,,,,398,,,,,,,,,,,,,,,,,,,,,,,,,,992,,,,,,,,,,,,,,,,,,,,,,,,791,,,,,,,,,,590,,,,,,,,,,,,,,,,
,,,623,,,,,,,,,,,845,,,,,,,,,,,,,,,,,,874,,,,,,,,,,,768,,443,,,,,,,,,,,,,,,,,,,,,,,421,,,,,,,,,,,,,,,,,,,,,,,,,,993,,,,,,,,,,,,,,,,,,,,,,,,792,,,,,,,,,,592,,,,,,,,,,,,,,,,
,,,624,,,,,,,,,,,852,,,,,,,,,,,,,,,,,,875,,,,,,,,,,,769,,444,,,,,,,,,,,,,,,,,,,,,,,422,,,,,,,,,,,,,,,,,,,,,,,,,,994,,,,,,,,,,,,,,,,,,,,,,,,799,,,,,,,,,,602,,,,,,,,,,,,,,,,
,,,625,,,,,,,,,,,853,,,,,,,,,,,,,,,,,,879,,,,,,,,,,,770,,445,,,,,,,,,,,,,,,,,,,,,,,423,,,,,,,,,,,,,,,,,,,,,,,,,,,,,,,,,,,,,,,,,,,,,,,,,,801,,,,,,,,,,603,,,,,,,,,,,,,,,,
,,,626,,,,,,,,,,,854,,,,,,,,,,,,,,,,,,900,,,,,,,,,,,771,,446,,,,,,,,,,,,,,,,,,,,,,,424,,,,,,,,,,,,,,,,,,,,,,,,,,,,,,,,,,,,,,,,,,,,,,,,,,803,,,,,,,,,,607,,,,,,,,,,,,,,,,
,,,629,,,,,,,,,,,855,,,,,,,,,,,,,,,,,,901,,,,,,,,,,,772,,447,,,,,,,,,,,,,,,,,,,,,,,425,,,,,,,,,,,,,,,,,,,,,,,,,,,,,,,,,,,,,,,,,,,,,,,,,,811,,,,,,,,,,608,,,,,,,,,,,,,,,,
,,,649,,,,,,,,,,,856,,,,,,,,,,,,,,,,,,907,,,,,,,,,,,773,,466,,,,,,,,,,,,,,,,,,,,,,,427,,,,,,,,,,,,,,,,,,,,,,,,,,,,,,,,,,,,,,,,,,,,,,,,,,813,,,,,,,,,,609,,,,,,,,,,,,,,,,
,,,650,,,,,,,,,,,857,,,,,,,,,,,,,,,,,,909,,,,,,,,,,,774,,467,,,,,,,,,,,,,,,,,,,,,,,428,,,,,,,,,,,,,,,,,,,,,,,,,,,,,,,,,,,,,,,,,,,,,,,,,,816,,,,,,,,,,610,,,,,,,,,,,,,,,,
,,,651,,,,,,,,,,,858,,,,,,,,,,,,,,,,,,992,,,,,,,,,,,775,,472,,,,,,,,,,,,,,,,,,,,,,,429,,,,,,,,,,,,,,,,,,,,,,,,,,,,,,,,,,,,,,,,,,,,,,,,,,830,,,,,,,,,,614,,,,,,,,,,,,,,,,
,,,660,,,,,,,,,,,859,,,,,,,,,,,,,,,,,,993,,,,,,,,,,,776,,473,,,,,,,,,,,,,,,,,,,,,,,431,,,,,,,,,,,,,,,,,,,,,,,,,,,,,,,,,,,,,,,,,,,,,,,,,,831,,,,,,,,,,617,,,,,,,,,,,,,,,,
,,,674,,,,,,,,,,,861,,,,,,,,,,,,,,,,,,994,,,,,,,,,,,777,,475,,,,,,,,,,,,,,,,,,,,,,,432,,,,,,,,,,,,,,,,,,,,,,,,,,,,,,,,,,,,,,,,,,,,,,,,,,846,,,,,,,,,,620,,,,,,,,,,,,,,,,
,,,675,,,,,,,,,,,890,,,,,,,,,,,,,,,,,,,,,,,,,,,,,778,,480,,,,,,,,,,,,,,,,,,,,,,,434,,,,,,,,,,,,,,,,,,,,,,,,,,,,,,,,,,,,,,,,,,,,,,,,,,850,,,,,,,,,,662,,,,,,,,,,,,,,,,
,,,676,,,,,,,,,,,891,,,,,,,,,,,,,,,,,,,,,,,,,,,,,779,,482,,,,,,,,,,,,,,,,,,,,,,,435,,,,,,,,,,,,,,,,,,,,,,,,,,,,,,,,,,,,,,,,,,,,,,,,,,851,,,,,,,,,,665,,,,,,,,,,,,,,,,
,,,682,,,,,,,,,,,892,,,,,,,,,,,,,,,,,,,,,,,,,,,,,780,,487,,,,,,,,,,,,,,,,,,,,,,,436,,,,,,,,,,,,,,,,,,,,,,,,,,,,,,,,,,,,,,,,,,,,,,,,,,852,,,,,,,,,,668,,,,,,,,,,,,,,,,
,,,688,,,,,,,,,,,901,,,,,,,,,,,,,,,,,,,,,,,,,,,,,781,,488,,,,,,,,,,,,,,,,,,,,,,,437,,,,,,,,,,,,,,,,,,,,,,,,,,,,,,,,,,,,,,,,,,,,,,,,,,853,,,,,,,,,,681,,,,,,,,,,,,,,,,
,,,690,,,,,,,,,,,921,,,,,,,,,,,,,,,,,,,,,,,,,,,,,782,,489,,,,,,,,,,,,,,,,,,,,,,,438,,,,,,,,,,,,,,,,,,,,,,,,,,,,,,,,,,,,,,,,,,,,,,,,,,860,,,,,,,,,,688,,,,,,,,,,,,,,,,
,,,691,,,,,,,,,,,931,,,,,,,,,,,,,,,,,,,,,,,,,,,,,783,,490,,,,,,,,,,,,,,,,,,,,,,,440,,,,,,,,,,,,,,,,,,,,,,,,,,,,,,,,,,,,,,,,,,,,,,,,,,861,,,,,,,,,,691,,,,,,,,,,,,,,,,
,,,692,,,,,,,,,,,932,,,,,,,,,,,,,,,,,,,,,,,,,,,,,784,,494,,,,,,,,,,,,,,,,,,,,,,,441,,,,,,,,,,,,,,,,,,,,,,,,,,,,,,,,,,,,,,,,,,,,,,,,,,870,,,,,,,,,,692,,,,,,,,,,,,,,,,
,,,700,,,,,,,,,,,941,,,,,,,,,,,,,,,,,,,,,,,,,,,,,785,,495,,,,,,,,,,,,,,,,,,,,,,,442,,,,,,,,,,,,,,,,,,,,,,,,,,,,,,,,,,,,,,,,,,,,,,,,,,880,,,,,,,,,,696,,,,,,,,,,,,,,,,
,,,701,,,,,,,,,,,942,,,,,,,,,,,,,,,,,,,,,,,,,,,,,786,,564,,,,,,,,,,,,,,,,,,,,,,,448,,,,,,,,,,,,,,,,,,,,,,,,,,,,,,,,,,,,,,,,,,,,,,,,,,881,,,,,,,,,,697,,,,,,,,,,,,,,,,
,,,702,,,,,,,,,,,943,,,,,,,,,,,,,,,,,,,,,,,,,,,,,787,,583,,,,,,,,,,,,,,,,,,,,,,,451,,,,,,,,,,,,,,,,,,,,,,,,,,,,,,,,,,,,,,,,,,,,,,,,,,882,,,,,,,,,,700,,,,,,,,,,,,,,,,
,,,703,,,,,,,,,,,951,,,,,,,,,,,,,,,,,,,,,,,,,,,,,788,,610,,,,,,,,,,,,,,,,,,,,,,,452,,,,,,,,,,,,,,,,,,,,,,,,,,,,,,,,,,,,,,,,,,,,,,,,,,883,,,,,,,,,,702,,,,,,,,,,,,,,,,
,,,704,,,,,,,,,,,952,,,,,,,,,,,,,,,,,,,,,,,,,,,,,789,,611,,,,,,,,,,,,,,,,,,,,,,,453,,,,,,,,,,,,,,,,,,,,,,,,,,,,,,,,,,,,,,,,,,,,,,,,,,884,,,,,,,,,,703,,,,,,,,,,,,,,,,
,,,705,,,,,,,,,,,953,,,,,,,,,,,,,,,,,,,,,,,,,,,,,790,,619,,,,,,,,,,,,,,,,,,,,,,,454,,,,,,,,,,,,,,,,,,,,,,,,,,,,,,,,,,,,,,,,,,,,,,,,,,888,,,,,,,,,,704,,,,,,,,,,,,,,,,
,,,710,,,,,,,,,,,954,,,,,,,,,,,,,,,,,,,,,,,,,,,,,791,,620,,,,,,,,,,,,,,,,,,,,,,,455,,,,,,,,,,,,,,,,,,,,,,,,,,,,,,,,,,,,,,,,,,,,,,,,,,890,,,,,,,,,,707,,,,,,,,,,,,,,,,
,,,711,,,,,,,,,,,955,,,,,,,,,,,,,,,,,,,,,,,,,,,,,792,,621,,,,,,,,,,,,,,,,,,,,,,,458,,,,,,,,,,,,,,,,,,,,,,,,,,,,,,,,,,,,,,,,,,,,,,,,,,891,,,,,,,,,,712,,,,,,,,,,,,,,,,
,,,714,,,,,,,,,,,957,,,,,,,,,,,,,,,,,,,,,,,,,,,,,793,,630,,,,,,,,,,,,,,,,,,,,,,,459,,,,,,,,,,,,,,,,,,,,,,,,,,,,,,,,,,,,,,,,,,,,,,,,,,993,,,,,,,,,,718,,,,,,,,,,,,,,,,
,,,715,,,,,,,,,,,958,,,,,,,,,,,,,,,,,,,,,,,,,,,,,794,,638,,,,,,,,,,,,,,,,,,,,,,,460,,,,,,,,,,,,,,,,,,,,,,,,,,,,,,,,,,,,,,,,,,,,,,,,,,994,,,,,,,,,,720,,,,,,,,,,,,,,,,
,,,717,,,,,,,,,,,959,,,,,,,,,,,,,,,,,,,,,,,,,,,,,795,,659,,,,,,,,,,,,,,,,,,,,,,,461,,,,,,,,,,,,,,,,,,,,,,,,,,,,,,,,,,,,,,,,,,,,,,,,,,,,,,,,,,,,721,,,,,,,,,,,,,,,,
,,,723,,,,,,,,,,,961,,,,,,,,,,,,,,,,,,,,,,,,,,,,,796,,660,,,,,,,,,,,,,,,,,,,,,,,462,,,,,,,,,,,,,,,,,,,,,,,,,,,,,,,,,,,,,,,,,,,,,,,,,,,,,,,,,,,,723,,,,,,,,,,,,,,,,
,,,724,,,,,,,,,,,992,,,,,,,,,,,,,,,,,,,,,,,,,,,,,796,,661,,,,,,,,,,,,,,,,,,,,,,,463,,,,,,,,,,,,,,,,,,,,,,,,,,,,,,,,,,,,,,,,,,,,,,,,,,,,,,,,,,,,724,,,,,,,,,,,,,,,,
,,,725,,,,,,,,,,,993,,,,,,,,,,,,,,,,,,,,,,,,,,,,,797,,662,,,,,,,,,,,,,,,,,,,,,,,466,,,,,,,,,,,,,,,,,,,,,,,,,,,,,,,,,,,,,,,,,,,,,,,,,,,,,,,,,,,,729,,,,,,,,,,,,,,,,
,,,726,,,,,,,,,,,994,,,,,,,,,,,,,,,,,,,,,,,,,,,,,798,,665,,,,,,,,,,,,,,,,,,,,,,,468,,,,,,,,,,,,,,,,,,,,,,,,,,,,,,,,,,,,,,,,,,,,,,,,,,,,,,,,,,,,734,,,,,,,,,,,,,,,,
,,,727,,,,,,,,,,,,,,,,,,,,,,,,,,,,,,,,,,,,,,,,800,,666,,,,,,,,,,,,,,,,,,,,,,,469,,,,,,,,,,,,,,,,,,,,,,,,,,,,,,,,,,,,,,,,,,,,,,,,,,,,,,,,,,,,735,,,,,,,,,,,,,,,,
,,,728,,,,,,,,,,,,,,,,,,,,,,,,,,,,,,,,,,,,,,,,802,,670,,,,,,,,,,,,,,,,,,,,,,,474,,,,,,,,,,,,,,,,,,,,,,,,,,,,,,,,,,,,,,,,,,,,,,,,,,,,,,,,,,,,740,,,,,,,,,,,,,,,,
,,,729,,,,,,,,,,,,,,,,,,,,,,,,,,,,,,,,,,,,,,,,803,,674,,,,,,,,,,,,,,,,,,,,,,,475,,,,,,,,,,,,,,,,,,,,,,,,,,,,,,,,,,,,,,,,,,,,,,,,,,,,,,,,,,,,741,,,,,,,,,,,,,,,,
,,,733,,,,,,,,,,,,,,,,,,,,,,,,,,,,,,,,,,,,,,,,804,,675,,,,,,,,,,,,,,,,,,,,,,,476,,,,,,,,,,,,,,,,,,,,,,,,,,,,,,,,,,,,,,,,,,,,,,,,,,,,,,,,,,,,742,,,,,,,,,,,,,,,,
,,,740,,,,,,,,,,,,,,,,,,,,,,,,,,,,,,,,,,,,,,,,805,,676,,,,,,,,,,,,,,,,,,,,,,,477,,,,,,,,,,,,,,,,,,,,,,,,,,,,,,,,,,,,,,,,,,,,,,,,,,,,,,,,,,,,743,,,,,,,,,,,,,,,,
,,,744,,,,,,,,,,,,,,,,,,,,,,,,,,,,,,,,,,,,,,,,805,,680,,,,,,,,,,,,,,,,,,,,,,,478,,,,,,,,,,,,,,,,,,,,,,,,,,,,,,,,,,,,,,,,,,,,,,,,,,,,,,,,,,,,744,,,,,,,,,,,,,,,,
,,,749,,,,,,,,,,,,,,,,,,,,,,,,,,,,,,,,,,,,,,,,806,,681,,,,,,,,,,,,,,,,,,,,,,,479,,,,,,,,,,,,,,,,,,,,,,,,,,,,,,,,,,,,,,,,,,,,,,,,,,,,,,,,,,,,745,,,,,,,,,,,,,,,,
,,,750,,,,,,,,,,,,,,,,,,,,,,,,,,,,,,,,,,,,,,,,807,,685,,,,,,,,,,,,,,,,,,,,,,,480,,,,,,,,,,,,,,,,,,,,,,,,,,,,,,,,,,,,,,,,,,,,,,,,,,,,,,,,,,,,746,,,,,,,,,,,,,,,,
,,,751,,,,,,,,,,,,,,,,,,,,,,,,,,,,,,,,,,,,,,,,809,,690,,,,,,,,,,,,,,,,,,,,,,,481,,,,,,,,,,,,,,,,,,,,,,,,,,,,,,,,,,,,,,,,,,,,,,,,,,,,,,,,,,,,760,,,,,,,,,,,,,,,,
,,,752,,,,,,,,,,,,,,,,,,,,,,,,,,,,,,,,,,,,,,,,810,,691,,,,,,,,,,,,,,,,,,,,,,,482,,,,,,,,,,,,,,,,,,,,,,,,,,,,,,,,,,,,,,,,,,,,,,,,,,,,,,,,,,,,780,,,,,,,,,,,,,,,,
,,,753,,,,,,,,,,,,,,,,,,,,,,,,,,,,,,,,,,,,,,,,811,,692,,,,,,,,,,,,,,,,,,,,,,,483,,,,,,,,,,,,,,,,,,,,,,,,,,,,,,,,,,,,,,,,,,,,,,,,,,,,,,,,,,,,782,,,,,,,,,,,,,,,,
,,,754,,,,,,,,,,,,,,,,,,,,,,,,,,,,,,,,,,,,,,,,812,,693,,,,,,,,,,,,,,,,,,,,,,,484,,,,,,,,,,,,,,,,,,,,,,,,,,,,,,,,,,,,,,,,,,,,,,,,,,,,,,,,,,,,785,,,,,,,,,,,,,,,,
,,,755,,,,,,,,,,,,,,,,,,,,,,,,,,,,,,,,,,,,,,,,813,,694,,,,,,,,,,,,,,,,,,,,,,,485,,,,,,,,,,,,,,,,,,,,,,,,,,,,,,,,,,,,,,,,,,,,,,,,,,,,,,,,,,,,801,,,,,,,,,,,,,,,,
,,,756,,,,,,,,,,,,,,,,,,,,,,,,,,,,,,,,,,,,,,,,814,,695,,,,,,,,,,,,,,,,,,,,,,,486,,,,,,,,,,,,,,,,,,,,,,,,,,,,,,,,,,,,,,,,,,,,,,,,,,,,,,,,,,,,803,,,,,,,,,,,,,,,,
,,,759,,,,,,,,,,,,,,,,,,,,,,,,,,,,,,,,,,,,,,,,815,,701,,,,,,,,,,,,,,,,,,,,,,,489,,,,,,,,,,,,,,,,,,,,,,,,,,,,,,,,,,,,,,,,,,,,,,,,,,,,,,,,,,,,804,,,,,,,,,,,,,,,,
,,,760,,,,,,,,,,,,,,,,,,,,,,,,,,,,,,,,,,,,,,,,816,,706,,,,,,,,,,,,,,,,,,,,,,,490,,,,,,,,,,,,,,,,,,,,,,,,,,,,,,,,,,,,,,,,,,,,,,,,,,,,,,,,,,,,805,,,,,,,,,,,,,,,,
,,,765,,,,,,,,,,,,,,,,,,,,,,,,,,,,,,,,,,,,,,,,817,,709,,,,,,,,,,,,,,,,,,,,,,,493,,,,,,,,,,,,,,,,,,,,,,,,,,,,,,,,,,,,,,,,,,,,,,,,,,,,,,,,,,,,807,,,,,,,,,,,,,,,,
,,,766,,,,,,,,,,,,,,,,,,,,,,,,,,,,,,,,,,,,,,,,818,,719,,,,,,,,,,,,,,,,,,,,,,,495,,,,,,,,,,,,,,,,,,,,,,,,,,,,,,,,,,,,,,,,,,,,,,,,,,,,,,,,,,,,808,,,,,,,,,,,,,,,,
,,,770,,,,,,,,,,,,,,,,,,,,,,,,,,,,,,,,,,,,,,,,819,,720,,,,,,,,,,,,,,,,,,,,,,,496,,,,,,,,,,,,,,,,,,,,,,,,,,,,,,,,,,,,,,,,,,,,,,,,,,,,,,,,,,,,809,,,,,,,,,,,,,,,,
,,,777,,,,,,,,,,,,,,,,,,,,,,,,,,,,,,,,,,,,,,,,820,,723,,,,,,,,,,,,,,,,,,,,,,,500,,,,,,,,,,,,,,,,,,,,,,,,,,,,,,,,,,,,,,,,,,,,,,,,,,,,,,,,,,,,810,,,,,,,,,,,,,,,,
,,,788,,,,,,,,,,,,,,,,,,,,,,,,,,,,,,,,,,,,,,,,821,,724,,,,,,,,,,,,,,,,,,,,,,,501,,,,,,,,,,,,,,,,,,,,,,,,,,,,,,,,,,,,,,,,,,,,,,,,,,,,,,,,,,,,812,,,,,,,,,,,,,,,,
,,,790,,,,,,,,,,,,,,,,,,,,,,,,,,,,,,,,,,,,,,,,822,,747,,,,,,,,,,,,,,,,,,,,,,,508,,,,,,,,,,,,,,,,,,,,,,,,,,,,,,,,,,,,,,,,,,,,,,,,,,,,,,,,,,,,813,,,,,,,,,,,,,,,,
,,,793,,,,,,,,,,,,,,,,,,,,,,,,,,,,,,,,,,,,,,,,823,,748,,,,,,,,,,,,,,,,,,,,,,,509,,,,,,,,,,,,,,,,,,,,,,,,,,,,,,,,,,,,,,,,,,,,,,,,,,,,,,,,,,,,814,,,,,,,,,,,,,,,,
,,,808,,,,,,,,,,,,,,,,,,,,,,,,,,,,,,,,,,,,,,,,824,,762,,,,,,,,,,,,,,,,,,,,,,,510,,,,,,,,,,,,,,,,,,,,,,,,,,,,,,,,,,,,,,,,,,,,,,,,,,,,,,,,,,,,817,,,,,,,,,,,,,,,,
,,,809,,,,,,,,,,,,,,,,,,,,,,,,,,,,,,,,,,,,,,,,825,,763,,,,,,,,,,,,,,,,,,,,,,,511,,,,,,,,,,,,,,,,,,,,,,,,,,,,,,,,,,,,,,,,,,,,,,,,,,,,,,,,,,,,818,,,,,,,,,,,,,,,,
,,,810,,,,,,,,,,,,,,,,,,,,,,,,,,,,,,,,,,,,,,,,826,,764,,,,,,,,,,,,,,,,,,,,,,,514,,,,,,,,,,,,,,,,,,,,,,,,,,,,,,,,,,,,,,,,,,,,,,,,,,,,,,,,,,,,819,,,,,,,,,,,,,,,,
,,,817,,,,,,,,,,,,,,,,,,,,,,,,,,,,,,,,,,,,,,,,827,,776,,,,,,,,,,,,,,,,,,,,,,,516,,,,,,,,,,,,,,,,,,,,,,,,,,,,,,,,,,,,,,,,,,,,,,,,,,,,,,,,,,,,821,,,,,,,,,,,,,,,,
,,,818,,,,,,,,,,,,,,,,,,,,,,,,,,,,,,,,,,,,,,,,828,,777,,,,,,,,,,,,,,,,,,,,,,,517,,,,,,,,,,,,,,,,,,,,,,,,,,,,,,,,,,,,,,,,,,,,,,,,,,,,,,,,,,,,823,,,,,,,,,,,,,,,,
,,,850,,,,,,,,,,,,,,,,,,,,,,,,,,,,,,,,,,,,,,,,829,,781,,,,,,,,,,,,,,,,,,,,,,,518,,,,,,,,,,,,,,,,,,,,,,,,,,,,,,,,,,,,,,,,,,,,,,,,,,,,,,,,,,,,835,,,,,,,,,,,,,,,,
,,,860,,,,,,,,,,,,,,,,,,,,,,,,,,,,,,,,,,,,,,,,830,,783,,,,,,,,,,,,,,,,,,,,,,,526,,,,,,,,,,,,,,,,,,,,,,,,,,,,,,,,,,,,,,,,,,,,,,,,,,,,,,,,,,,,838,,,,,,,,,,,,,,,,
,,,897,,,,,,,,,,,,,,,,,,,,,,,,,,,,,,,,,,,,,,,,831,,784,,,,,,,,,,,,,,,,,,,,,,,529,,,,,,,,,,,,,,,,,,,,,,,,,,,,,,,,,,,,,,,,,,,,,,,,,,,,,,,,,,,,840,,,,,,,,,,,,,,,,
,,,898,,,,,,,,,,,,,,,,,,,,,,,,,,,,,,,,,,,,,,,,832,,785,,,,,,,,,,,,,,,,,,,,,,,531,,,,,,,,,,,,,,,,,,,,,,,,,,,,,,,,,,,,,,,,,,,,,,,,,,,,,,,,,,,,841,,,,,,,,,,,,,,,,
,,,901,,,,,,,,,,,,,,,,,,,,,,,,,,,,,,,,,,,,,,,,833,,786,,,,,,,,,,,,,,,,,,,,,,,532,,,,,,,,,,,,,,,,,,,,,,,,,,,,,,,,,,,,,,,,,,,,,,,,,,,,,,,,,,,,842,,,,,,,,,,,,,,,,
,,,902,,,,,,,,,,,,,,,,,,,,,,,,,,,,,,,,,,,,,,,,834,,801,,,,,,,,,,,,,,,,,,,,,,,533,,,,,,,,,,,,,,,,,,,,,,,,,,,,,,,,,,,,,,,,,,,,,,,,,,,,,,,,,,,,843,,,,,,,,,,,,,,,,
,,,915,,,,,,,,,,,,,,,,,,,,,,,,,,,,,,,,,,,,,,,,835,,805,,,,,,,,,,,,,,,,,,,,,,,534,,,,,,,,,,,,,,,,,,,,,,,,,,,,,,,,,,,,,,,,,,,,,,,,,,,,,,,,,,,,866,,,,,,,,,,,,,,,,
,,,916,,,,,,,,,,,,,,,,,,,,,,,,,,,,,,,,,,,,,,,,836,,814,,,,,,,,,,,,,,,,,,,,,,,535,,,,,,,,,,,,,,,,,,,,,,,,,,,,,,,,,,,,,,,,,,,,,,,,,,,,,,,,,,,,867,,,,,,,,,,,,,,,,
,,,921,,,,,,,,,,,,,,,,,,,,,,,,,,,,,,,,,,,,,,,,837,,819,,,,,,,,,,,,,,,,,,,,,,,536,,,,,,,,,,,,,,,,,,,,,,,,,,,,,,,,,,,,,,,,,,,,,,,,,,,,,,,,,,,,870,,,,,,,,,,,,,,,,
,,,922,,,,,,,,,,,,,,,,,,,,,,,,,,,,,,,,,,,,,,,,838,,821,,,,,,,,,,,,,,,,,,,,,,,537,,,,,,,,,,,,,,,,,,,,,,,,,,,,,,,,,,,,,,,,,,,,,,,,,,,,,,,,,,,,881,,,,,,,,,,,,,,,,
,,,993,,,,,,,,,,,,,,,,,,,,,,,,,,,,,,,,,,,,,,,,839,,825,,,,,,,,,,,,,,,,,,,,,,,538,,,,,,,,,,,,,,,,,,,,,,,,,,,,,,,,,,,,,,,,,,,,,,,,,,,,,,,,,,,,885,,,,,,,,,,,,,,,,
,,,994,,,,,,,,,,,,,,,,,,,,,,,,,,,,,,,,,,,,,,,,840,,827,,,,,,,,,,,,,,,,,,,,,,,539,,,,,,,,,,,,,,,,,,,,,,,,,,,,,,,,,,,,,,,,,,,,,,,,,,,,,,,,,,,,890,,,,,,,,,,,,,,,,
,,,,,,,,,,,,,,,,,,,,,,,,,,,,,,,,,,,,,,,,,,,841,,828,,,,,,,,,,,,,,,,,,,,,,,550,,,,,,,,,,,,,,,,,,,,,,,,,,,,,,,,,,,,,,,,,,,,,,,,,,,,,,,,,,,,891,,,,,,,,,,,,,,,,
,,,,,,,,,,,,,,,,,,,,,,,,,,,,,,,,,,,,,,,,,,,842,,829,,,,,,,,,,,,,,,,,,,,,,,557,,,,,,,,,,,,,,,,,,,,,,,,,,,,,,,,,,,,,,,,,,,,,,,,,,,,,,,,,,,,900,,,,,,,,,,,,,,,,
,,,,,,,,,,,,,,,,,,,,,,,,,,,,,,,,,,,,,,,,,,,843,,830,,,,,,,,,,,,,,,,,,,,,,,562,,,,,,,,,,,,,,,,,,,,,,,,,,,,,,,,,,,,,,,,,,,,,,,,,,,,,,,,,,,,910,,,,,,,,,,,,,,,,
,,,,,,,,,,,,,,,,,,,,,,,,,,,,,,,,,,,,,,,,,,,844,,831,,,,,,,,,,,,,,,,,,,,,,,565,,,,,,,,,,,,,,,,,,,,,,,,,,,,,,,,,,,,,,,,,,,,,,,,,,,,,,,,,,,,913,,,,,,,,,,,,,,,,
,,,,,,,,,,,,,,,,,,,,,,,,,,,,,,,,,,,,,,,,,,,851,,835,,,,,,,,,,,,,,,,,,,,,,,566,,,,,,,,,,,,,,,,,,,,,,,,,,,,,,,,,,,,,,,,,,,,,,,,,,,,,,,,,,,,990,,,,,,,,,,,,,,,,
,,,,,,,,,,,,,,,,,,,,,,,,,,,,,,,,,,,,,,,,,,,852,,837,,,,,,,,,,,,,,,,,,,,,,,568,,,,,,,,,,,,,,,,,,,,,,,,,,,,,,,,,,,,,,,,,,,,,,,,,,,,,,,,,,,,993,,,,,,,,,,,,,,,,
,,,,,,,,,,,,,,,,,,,,,,,,,,,,,,,,,,,,,,,,,,,853,,838,,,,,,,,,,,,,,,,,,,,,,,570,,,,,,,,,,,,,,,,,,,,,,,,,,,,,,,,,,,,,,,,,,,,,,,,,,,,,,,,,,,,994,,,,,,,,,,,,,,,,
,,,,,,,,,,,,,,,,,,,,,,,,,,,,,,,,,,,,,,,,,,,854,,840,,,,,,,,,,,,,,,,,,,,,,,571,,,,,,,,,,,,,,,,,,,,,,,,,,,,,,,,,,,,,,,,,,,,,,,,,,,,,,,,,,,,,,,,,,,,,,,,,,,,
,,,,,,,,,,,,,,,,,,,,,,,,,,,,,,,,,,,,,,,,,,,855,,841,,,,,,,,,,,,,,,,,,,,,,,576,,,,,,,,,,,,,,,,,,,,,,,,,,,,,,,,,,,,,,,,,,,,,,,,,,,,,,,,,,,,,,,,,,,,,,,,,,,,
,,,,,,,,,,,,,,,,,,,,,,,,,,,,,,,,,,,,,,,,,,,856,,842,,,,,,,,,,,,,,,,,,,,,,,577,,,,,,,,,,,,,,,,,,,,,,,,,,,,,,,,,,,,,,,,,,,,,,,,,,,,,,,,,,,,,,,,,,,,,,,,,,,,
,,,,,,,,,,,,,,,,,,,,,,,,,,,,,,,,,,,,,,,,,,,857,,843,,,,,,,,,,,,,,,,,,,,,,,578,,,,,,,,,,,,,,,,,,,,,,,,,,,,,,,,,,,,,,,,,,,,,,,,,,,,,,,,,,,,,,,,,,,,,,,,,,,,
,,,,,,,,,,,,,,,,,,,,,,,,,,,,,,,,,,,,,,,,,,,861,,844,,,,,,,,,,,,,,,,,,,,,,,581,,,,,,,,,,,,,,,,,,,,,,,,,,,,,,,,,,,,,,,,,,,,,,,,,,,,,,,,,,,,,,,,,,,,,,,,,,,,
,,,,,,,,,,,,,,,,,,,,,,,,,,,,,,,,,,,,,,,,,,,862,,847,,,,,,,,,,,,,,,,,,,,,,,582,,,,,,,,,,,,,,,,,,,,,,,,,,,,,,,,,,,,,,,,,,,,,,,,,,,,,,,,,,,,,,,,,,,,,,,,,,,,
,,,,,,,,,,,,,,,,,,,,,,,,,,,,,,,,,,,,,,,,,,,863,,850,,,,,,,,,,,,,,,,,,,,,,,584,,,,,,,,,,,,,,,,,,,,,,,,,,,,,,,,,,,,,,,,,,,,,,,,,,,,,,,,,,,,,,,,,,,,,,,,,,,,
,,,,,,,,,,,,,,,,,,,,,,,,,,,,,,,,,,,,,,,,,,,864,,852,,,,,,,,,,,,,,,,,,,,,,,585,,,,,,,,,,,,,,,,,,,,,,,,,,,,,,,,,,,,,,,,,,,,,,,,,,,,,,,,,,,,,,,,,,,,,,,,,,,,
,,,,,,,,,,,,,,,,,,,,,,,,,,,,,,,,,,,,,,,,,,,865,,857,,,,,,,,,,,,,,,,,,,,,,,587,,,,,,,,,,,,,,,,,,,,,,,,,,,,,,,,,,,,,,,,,,,,,,,,,,,,,,,,,,,,,,,,,,,,,,,,,,,,
,,,,,,,,,,,,,,,,,,,,,,,,,,,,,,,,,,,,,,,,,,,866,,858,,,,,,,,,,,,,,,,,,,,,,,589,,,,,,,,,,,,,,,,,,,,,,,,,,,,,,,,,,,,,,,,,,,,,,,,,,,,,,,,,,,,,,,,,,,,,,,,,,,,
,,,,,,,,,,,,,,,,,,,,,,,,,,,,,,,,,,,,,,,,,,,867,,860,,,,,,,,,,,,,,,,,,,,,,,593,,,,,,,,,,,,,,,,,,,,,,,,,,,,,,,,,,,,,,,,,,,,,,,,,,,,,,,,,,,,,,,,,,,,,,,,,,,,
,,,,,,,,,,,,,,,,,,,,,,,,,,,,,,,,,,,,,,,,,,,868,,861,,,,,,,,,,,,,,,,,,,,,,,625,,,,,,,,,,,,,,,,,,,,,,,,,,,,,,,,,,,,,,,,,,,,,,,,,,,,,,,,,,,,,,,,,,,,,,,,,,,,
,,,,,,,,,,,,,,,,,,,,,,,,,,,,,,,,,,,,,,,,,,,871,,862,,,,,,,,,,,,,,,,,,,,,,,670,,,,,,,,,,,,,,,,,,,,,,,,,,,,,,,,,,,,,,,,,,,,,,,,,,,,,,,,,,,,,,,,,,,,,,,,,,,,
,,,,,,,,,,,,,,,,,,,,,,,,,,,,,,,,,,,,,,,,,,,872,,863,,,,,,,,,,,,,,,,,,,,,,,671,,,,,,,,,,,,,,,,,,,,,,,,,,,,,,,,,,,,,,,,,,,,,,,,,,,,,,,,,,,,,,,,,,,,,,,,,,,,
,,,,,,,,,,,,,,,,,,,,,,,,,,,,,,,,,,,,,,,,,,,873,,864,,,,,,,,,,,,,,,,,,,,,,,672,,,,,,,,,,,,,,,,,,,,,,,,,,,,,,,,,,,,,,,,,,,,,,,,,,,,,,,,,,,,,,,,,,,,,,,,,,,,
,,,,,,,,,,,,,,,,,,,,,,,,,,,,,,,,,,,,,,,,,,,874,,868,,,,,,,,,,,,,,,,,,,,,,,691,,,,,,,,,,,,,,,,,,,,,,,,,,,,,,,,,,,,,,,,,,,,,,,,,,,,,,,,,,,,,,,,,,,,,,,,,,,,
,,,,,,,,,,,,,,,,,,,,,,,,,,,,,,,,,,,,,,,,,,,876,,871,,,,,,,,,,,,,,,,,,,,,,,692,,,,,,,,,,,,,,,,,,,,,,,,,,,,,,,,,,,,,,,,,,,,,,,,,,,,,,,,,,,,,,,,,,,,,,,,,,,,
,,,,,,,,,,,,,,,,,,,,,,,,,,,,,,,,,,,,,,,,,,,877,,872,,,,,,,,,,,,,,,,,,,,,,,700,,,,,,,,,,,,,,,,,,,,,,,,,,,,,,,,,,,,,,,,,,,,,,,,,,,,,,,,,,,,,,,,,,,,,,,,,,,,
,,,,,,,,,,,,,,,,,,,,,,,,,,,,,,,,,,,,,,,,,,,878,,874,,,,,,,,,,,,,,,,,,,,,,,701,,,,,,,,,,,,,,,,,,,,,,,,,,,,,,,,,,,,,,,,,,,,,,,,,,,,,,,,,,,,,,,,,,,,,,,,,,,,
,,,,,,,,,,,,,,,,,,,,,,,,,,,,,,,,,,,,,,,,,,,879,,875,,,,,,,,,,,,,,,,,,,,,,,702,,,,,,,,,,,,,,,,,,,,,,,,,,,,,,,,,,,,,,,,,,,,,,,,,,,,,,,,,,,,,,,,,,,,,,,,,,,,
,,,,,,,,,,,,,,,,,,,,,,,,,,,,,,,,,,,,,,,,,,,881,,876,,,,,,,,,,,,,,,,,,,,,,,703,,,,,,,,,,,,,,,,,,,,,,,,,,,,,,,,,,,,,,,,,,,,,,,,,,,,,,,,,,,,,,,,,,,,,,,,,,,,
,,,,,,,,,,,,,,,,,,,,,,,,,,,,,,,,,,,,,,,,,,,882,,877,,,,,,,,,,,,,,,,,,,,,,,711,,,,,,,,,,,,,,,,,,,,,,,,,,,,,,,,,,,,,,,,,,,,,,,,,,,,,,,,,,,,,,,,,,,,,,,,,,,,
,,,,,,,,,,,,,,,,,,,,,,,,,,,,,,,,,,,,,,,,,,,883,,880,,,,,,,,,,,,,,,,,,,,,,,712,,,,,,,,,,,,,,,,,,,,,,,,,,,,,,,,,,,,,,,,,,,,,,,,,,,,,,,,,,,,,,,,,,,,,,,,,,,,
,,,,,,,,,,,,,,,,,,,,,,,,,,,,,,,,,,,,,,,,,,,884,,881,,,,,,,,,,,,,,,,,,,,,,,713,,,,,,,,,,,,,,,,,,,,,,,,,,,,,,,,,,,,,,,,,,,,,,,,,,,,,,,,,,,,,,,,,,,,,,,,,,,,
,,,,,,,,,,,,,,,,,,,,,,,,,,,,,,,,,,,,,,,,,,,885,,886,,,,,,,,,,,,,,,,,,,,,,,714,,,,,,,,,,,,,,,,,,,,,,,,,,,,,,,,,,,,,,,,,,,,,,,,,,,,,,,,,,,,,,,,,,,,,,,,,,,,
,,,,,,,,,,,,,,,,,,,,,,,,,,,,,,,,,,,,,,,,,,,887,,990,,,,,,,,,,,,,,,,,,,,,,,717,,,,,,,,,,,,,,,,,,,,,,,,,,,,,,,,,,,,,,,,,,,,,,,,,,,,,,,,,,,,,,,,,,,,,,,,,,,,
,,,,,,,,,,,,,,,,,,,,,,,,,,,,,,,,,,,,,,,,,,,888,,992,,,,,,,,,,,,,,,,,,,,,,,719,,,,,,,,,,,,,,,,,,,,,,,,,,,,,,,,,,,,,,,,,,,,,,,,,,,,,,,,,,,,,,,,,,,,,,,,,,,,
,,,,,,,,,,,,,,,,,,,,,,,,,,,,,,,,,,,,,,,,,,,890,,993,,,,,,,,,,,,,,,,,,,,,,,720,,,,,,,,,,,,,,,,,,,,,,,,,,,,,,,,,,,,,,,,,,,,,,,,,,,,,,,,,,,,,,,,,,,,,,,,,,,,
,,,,,,,,,,,,,,,,,,,,,,,,,,,,,,,,,,,,,,,,,,,891,,994,,,,,,,,,,,,,,,,,,,,,,,721,,,,,,,,,,,,,,,,,,,,,,,,,,,,,,,,,,,,,,,,,,,,,,,,,,,,,,,,,,,,,,,,,,,,,,,,,,,,
,,,,,,,,,,,,,,,,,,,,,,,,,,,,,,,,,,,,,,,,,,,892,,,,,,,,,,,,,,,,,,,,,,,,,722,,,,,,,,,,,,,,,,,,,,,,,,,,,,,,,,,,,,,,,,,,,,,,,,,,,,,,,,,,,,,,,,,,,,,,,,,,,,
,,,,,,,,,,,,,,,,,,,,,,,,,,,,,,,,,,,,,,,,,,,902,,,,,,,,,,,,,,,,,,,,,,,,,723,,,,,,,,,,,,,,,,,,,,,,,,,,,,,,,,,,,,,,,,,,,,,,,,,,,,,,,,,,,,,,,,,,,,,,,,,,,,
,,,,,,,,,,,,,,,,,,,,,,,,,,,,,,,,,,,,,,,,,,,904,,,,,,,,,,,,,,,,,,,,,,,,,725,,,,,,,,,,,,,,,,,,,,,,,,,,,,,,,,,,,,,,,,,,,,,,,,,,,,,,,,,,,,,,,,,,,,,,,,,,,,
,,,,,,,,,,,,,,,,,,,,,,,,,,,,,,,,,,,,,,,,,,,906,,,,,,,,,,,,,,,,,,,,,,,,,726,,,,,,,,,,,,,,,,,,,,,,,,,,,,,,,,,,,,,,,,,,,,,,,,,,,,,,,,,,,,,,,,,,,,,,,,,,,,
,,,,,,,,,,,,,,,,,,,,,,,,,,,,,,,,,,,,,,,,,,,909,,,,,,,,,,,,,,,,,,,,,,,,,727,,,,,,,,,,,,,,,,,,,,,,,,,,,,,,,,,,,,,,,,,,,,,,,,,,,,,,,,,,,,,,,,,,,,,,,,,,,,
,,,,,,,,,,,,,,,,,,,,,,,,,,,,,,,,,,,,,,,,,,,913,,,,,,,,,,,,,,,,,,,,,,,,,728,,,,,,,,,,,,,,,,,,,,,,,,,,,,,,,,,,,,,,,,,,,,,,,,,,,,,,,,,,,,,,,,,,,,,,,,,,,,
,,,,,,,,,,,,,,,,,,,,,,,,,,,,,,,,,,,,,,,,,,,915,,,,,,,,,,,,,,,,,,,,,,,,,730,,,,,,,,,,,,,,,,,,,,,,,,,,,,,,,,,,,,,,,,,,,,,,,,,,,,,,,,,,,,,,,,,,,,,,,,,,,,
,,,,,,,,,,,,,,,,,,,,,,,,,,,,,,,,,,,,,,,,,,,918,,,,,,,,,,,,,,,,,,,,,,,,,735,,,,,,,,,,,,,,,,,,,,,,,,,,,,,,,,,,,,,,,,,,,,,,,,,,,,,,,,,,,,,,,,,,,,,,,,,,,,
,,,,,,,,,,,,,,,,,,,,,,,,,,,,,,,,,,,,,,,,,,,919,,,,,,,,,,,,,,,,,,,,,,,,,741,,,,,,,,,,,,,,,,,,,,,,,,,,,,,,,,,,,,,,,,,,,,,,,,,,,,,,,,,,,,,,,,,,,,,,,,,,,,
,,,,,,,,,,,,,,,,,,,,,,,,,,,,,,,,,,,,,,,,,,,922,,,,,,,,,,,,,,,,,,,,,,,,,742,,,,,,,,,,,,,,,,,,,,,,,,,,,,,,,,,,,,,,,,,,,,,,,,,,,,,,,,,,,,,,,,,,,,,,,,,,,,
,,,,,,,,,,,,,,,,,,,,,,,,,,,,,,,,,,,,,,,,,,,923,,,,,,,,,,,,,,,,,,,,,,,,,743,,,,,,,,,,,,,,,,,,,,,,,,,,,,,,,,,,,,,,,,,,,,,,,,,,,,,,,,,,,,,,,,,,,,,,,,,,,,
,,,,,,,,,,,,,,,,,,,,,,,,,,,,,,,,,,,,,,,,,,,930,,,,,,,,,,,,,,,,,,,,,,,,,746,,,,,,,,,,,,,,,,,,,,,,,,,,,,,,,,,,,,,,,,,,,,,,,,,,,,,,,,,,,,,,,,,,,,,,,,,,,,
,,,,,,,,,,,,,,,,,,,,,,,,,,,,,,,,,,,,,,,,,,,931,,,,,,,,,,,,,,,,,,,,,,,,,751,,,,,,,,,,,,,,,,,,,,,,,,,,,,,,,,,,,,,,,,,,,,,,,,,,,,,,,,,,,,,,,,,,,,,,,,,,,,
,,,,,,,,,,,,,,,,,,,,,,,,,,,,,,,,,,,,,,,,,,,935,,,,,,,,,,,,,,,,,,,,,,,,,752,,,,,,,,,,,,,,,,,,,,,,,,,,,,,,,,,,,,,,,,,,,,,,,,,,,,,,,,,,,,,,,,,,,,,,,,,,,,
,,,,,,,,,,,,,,,,,,,,,,,,,,,,,,,,,,,,,,,,,,,945,,,,,,,,,,,,,,,,,,,,,,,,,755,,,,,,,,,,,,,,,,,,,,,,,,,,,,,,,,,,,,,,,,,,,,,,,,,,,,,,,,,,,,,,,,,,,,,,,,,,,,
,,,,,,,,,,,,,,,,,,,,,,,,,,,,,,,,,,,,,,,,,,,947,,,,,,,,,,,,,,,,,,,,,,,,,756,,,,,,,,,,,,,,,,,,,,,,,,,,,,,,,,,,,,,,,,,,,,,,,,,,,,,,,,,,,,,,,,,,,,,,,,,,,,
,,,,,,,,,,,,,,,,,,,,,,,,,,,,,,,,,,,,,,,,,,,948,,,,,,,,,,,,,,,,,,,,,,,,,757,,,,,,,,,,,,,,,,,,,,,,,,,,,,,,,,,,,,,,,,,,,,,,,,,,,,,,,,,,,,,,,,,,,,,,,,,,,,
,,,,,,,,,,,,,,,,,,,,,,,,,,,,,,,,,,,,,,,,,,,949,,,,,,,,,,,,,,,,,,,,,,,,,760,,,,,,,,,,,,,,,,,,,,,,,,,,,,,,,,,,,,,,,,,,,,,,,,,,,,,,,,,,,,,,,,,,,,,,,,,,,,
,,,,,,,,,,,,,,,,,,,,,,,,,,,,,,,,,,,,,,,,,,,950,,,,,,,,,,,,,,,,,,,,,,,,,761,,,,,,,,,,,,,,,,,,,,,,,,,,,,,,,,,,,,,,,,,,,,,,,,,,,,,,,,,,,,,,,,,,,,,,,,,,,,
,,,,,,,,,,,,,,,,,,,,,,,,,,,,,,,,,,,,,,,,,,,953,,,,,,,,,,,,,,,,,,,,,,,,,763,,,,,,,,,,,,,,,,,,,,,,,,,,,,,,,,,,,,,,,,,,,,,,,,,,,,,,,,,,,,,,,,,,,,,,,,,,,,
,,,,,,,,,,,,,,,,,,,,,,,,,,,,,,,,,,,,,,,,,,,970,,,,,,,,,,,,,,,,,,,,,,,,,765,,,,,,,,,,,,,,,,,,,,,,,,,,,,,,,,,,,,,,,,,,,,,,,,,,,,,,,,,,,,,,,,,,,,,,,,,,,,
,,,,,,,,,,,,,,,,,,,,,,,,,,,,,,,,,,,,,,,,,,,972,,,,,,,,,,,,,,,,,,,,,,,,,770,,,,,,,,,,,,,,,,,,,,,,,,,,,,,,,,,,,,,,,,,,,,,,,,,,,,,,,,,,,,,,,,,,,,,,,,,,,,
,,,,,,,,,,,,,,,,,,,,,,,,,,,,,,,,,,,,,,,,,,,973,,,,,,,,,,,,,,,,,,,,,,,,,771,,,,,,,,,,,,,,,,,,,,,,,,,,,,,,,,,,,,,,,,,,,,,,,,,,,,,,,,,,,,,,,,,,,,,,,,,,,,
,,,,,,,,,,,,,,,,,,,,,,,,,,,,,,,,,,,,,,,,,,,974,,,,,,,,,,,,,,,,,,,,,,,,,772,,,,,,,,,,,,,,,,,,,,,,,,,,,,,,,,,,,,,,,,,,,,,,,,,,,,,,,,,,,,,,,,,,,,,,,,,,,,
,,,,,,,,,,,,,,,,,,,,,,,,,,,,,,,,,,,,,,,,,,,977,,,,,,,,,,,,,,,,,,,,,,,,,773,,,,,,,,,,,,,,,,,,,,,,,,,,,,,,,,,,,,,,,,,,,,,,,,,,,,,,,,,,,,,,,,,,,,,,,,,,,,
,,,,,,,,,,,,,,,,,,,,,,,,,,,,,,,,,,,,,,,,,,,990,,,,,,,,,,,,,,,,,,,,,,,,,774,,,,,,,,,,,,,,,,,,,,,,,,,,,,,,,,,,,,,,,,,,,,,,,,,,,,,,,,,,,,,,,,,,,,,,,,,,,,
,,,,,,,,,,,,,,,,,,,,,,,,,,,,,,,,,,,,,,,,,,,992,,,,,,,,,,,,,,,,,,,,,,,,,775,,,,,,,,,,,,,,,,,,,,,,,,,,,,,,,,,,,,,,,,,,,,,,,,,,,,,,,,,,,,,,,,,,,,,,,,,,,,
,,,,,,,,,,,,,,,,,,,,,,,,,,,,,,,,,,,,,,,,,,,993,,,,,,,,,,,,,,,,,,,,,,,,,776,,,,,,,,,,,,,,,,,,,,,,,,,,,,,,,,,,,,,,,,,,,,,,,,,,,,,,,,,,,,,,,,,,,,,,,,,,,,
,,,,,,,,,,,,,,,,,,,,,,,,,,,,,,,,,,,,,,,,,,,994,,,,,,,,,,,,,,,,,,,,,,,,,777,,,,,,,,,,,,,,,,,,,,,,,,,,,,,,,,,,,,,,,,,,,,,,,,,,,,,,,,,,,,,,,,,,,,,,,,,,,,
,,,,,,,,,,,,,,,,,,,,,,,,,,,,,,,,,,,,,,,,,,,,,,,,,,,,,,,,,,,,,,,,,,,,781,,,,,,,,,,,,,,,,,,,,,,,,,,,,,,,,,,,,,,,,,,,,,,,,,,,,,,,,,,,,,,,,,,,,,,,,,,,,
,,,,,,,,,,,,,,,,,,,,,,,,,,,,,,,,,,,,,,,,,,,,,,,,,,,,,,,,,,,,,,,,,,,,782,,,,,,,,,,,,,,,,,,,,,,,,,,,,,,,,,,,,,,,,,,,,,,,,,,,,,,,,,,,,,,,,,,,,,,,,,,,,
,,,,,,,,,,,,,,,,,,,,,,,,,,,,,,,,,,,,,,,,,,,,,,,,,,,,,,,,,,,,,,,,,,,,783,,,,,,,,,,,,,,,,,,,,,,,,,,,,,,,,,,,,,,,,,,,,,,,,,,,,,,,,,,,,,,,,,,,,,,,,,,,,
,,,,,,,,,,,,,,,,,,,,,,,,,,,,,,,,,,,,,,,,,,,,,,,,,,,,,,,,,,,,,,,,,,,,784,,,,,,,,,,,,,,,,,,,,,,,,,,,,,,,,,,,,,,,,,,,,,,,,,,,,,,,,,,,,,,,,,,,,,,,,,,,,
,,,,,,,,,,,,,,,,,,,,,,,,,,,,,,,,,,,,,,,,,,,,,,,,,,,,,,,,,,,,,,,,,,,,787,,,,,,,,,,,,,,,,,,,,,,,,,,,,,,,,,,,,,,,,,,,,,,,,,,,,,,,,,,,,,,,,,,,,,,,,,,,,
,,,,,,,,,,,,,,,,,,,,,,,,,,,,,,,,,,,,,,,,,,,,,,,,,,,,,,,,,,,,,,,,,,,,810,,,,,,,,,,,,,,,,,,,,,,,,,,,,,,,,,,,,,,,,,,,,,,,,,,,,,,,,,,,,,,,,,,,,,,,,,,,,
,,,,,,,,,,,,,,,,,,,,,,,,,,,,,,,,,,,,,,,,,,,,,,,,,,,,,,,,,,,,,,,,,,,,812,,,,,,,,,,,,,,,,,,,,,,,,,,,,,,,,,,,,,,,,,,,,,,,,,,,,,,,,,,,,,,,,,,,,,,,,,,,,
,,,,,,,,,,,,,,,,,,,,,,,,,,,,,,,,,,,,,,,,,,,,,,,,,,,,,,,,,,,,,,,,,,,,815,,,,,,,,,,,,,,,,,,,,,,,,,,,,,,,,,,,,,,,,,,,,,,,,,,,,,,,,,,,,,,,,,,,,,,,,,,,,
,,,,,,,,,,,,,,,,,,,,,,,,,,,,,,,,,,,,,,,,,,,,,,,,,,,,,,,,,,,,,,,,,,,,816,,,,,,,,,,,,,,,,,,,,,,,,,,,,,,,,,,,,,,,,,,,,,,,,,,,,,,,,,,,,,,,,,,,,,,,,,,,,
,,,,,,,,,,,,,,,,,,,,,,,,,,,,,,,,,,,,,,,,,,,,,,,,,,,,,,,,,,,,,,,,,,,,820,,,,,,,,,,,,,,,,,,,,,,,,,,,,,,,,,,,,,,,,,,,,,,,,,,,,,,,,,,,,,,,,,,,,,,,,,,,,
,,,,,,,,,,,,,,,,,,,,,,,,,,,,,,,,,,,,,,,,,,,,,,,,,,,,,,,,,,,,,,,,,,,,821,,,,,,,,,,,,,,,,,,,,,,,,,,,,,,,,,,,,,,,,,,,,,,,,,,,,,,,,,,,,,,,,,,,,,,,,,,,,
,,,,,,,,,,,,,,,,,,,,,,,,,,,,,,,,,,,,,,,,,,,,,,,,,,,,,,,,,,,,,,,,,,,,831,,,,,,,,,,,,,,,,,,,,,,,,,,,,,,,,,,,,,,,,,,,,,,,,,,,,,,,,,,,,,,,,,,,,,,,,,,,,
,,,,,,,,,,,,,,,,,,,,,,,,,,,,,,,,,,,,,,,,,,,,,,,,,,,,,,,,,,,,,,,,,,,,832,,,,,,,,,,,,,,,,,,,,,,,,,,,,,,,,,,,,,,,,,,,,,,,,,,,,,,,,,,,,,,,,,,,,,,,,,,,,
,,,,,,,,,,,,,,,,,,,,,,,,,,,,,,,,,,,,,,,,,,,,,,,,,,,,,,,,,,,,,,,,,,,,833,,,,,,,,,,,,,,,,,,,,,,,,,,,,,,,,,,,,,,,,,,,,,,,,,,,,,,,,,,,,,,,,,,,,,,,,,,,,
,,,,,,,,,,,,,,,,,,,,,,,,,,,,,,,,,,,,,,,,,,,,,,,,,,,,,,,,,,,,,,,,,,,,834,,,,,,,,,,,,,,,,,,,,,,,,,,,,,,,,,,,,,,,,,,,,,,,,,,,,,,,,,,,,,,,,,,,,,,,,,,,,
,,,,,,,,,,,,,,,,,,,,,,,,,,,,,,,,,,,,,,,,,,,,,,,,,,,,,,,,,,,,,,,,,,,,835,,,,,,,,,,,,,,,,,,,,,,,,,,,,,,,,,,,,,,,,,,,,,,,,,,,,,,,,,,,,,,,,,,,,,,,,,,,,
,,,,,,,,,,,,,,,,,,,,,,,,,,,,,,,,,,,,,,,,,,,,,,,,,,,,,,,,,,,,,,,,,,,,840,,,,,,,,,,,,,,,,,,,,,,,,,,,,,,,,,,,,,,,,,,,,,,,,,,,,,,,,,,,,,,,,,,,,,,,,,,,,
,,,,,,,,,,,,,,,,,,,,,,,,,,,,,,,,,,,,,,,,,,,,,,,,,,,,,,,,,,,,,,,,,,,,841,,,,,,,,,,,,,,,,,,,,,,,,,,,,,,,,,,,,,,,,,,,,,,,,,,,,,,,,,,,,,,,,,,,,,,,,,,,,
,,,,,,,,,,,,,,,,,,,,,,,,,,,,,,,,,,,,,,,,,,,,,,,,,,,,,,,,,,,,,,,,,,,,842,,,,,,,,,,,,,,,,,,,,,,,,,,,,,,,,,,,,,,,,,,,,,,,,,,,,,,,,,,,,,,,,,,,,,,,,,,,,
,,,,,,,,,,,,,,,,,,,,,,,,,,,,,,,,,,,,,,,,,,,,,,,,,,,,,,,,,,,,,,,,,,,,845,,,,,,,,,,,,,,,,,,,,,,,,,,,,,,,,,,,,,,,,,,,,,,,,,,,,,,,,,,,,,,,,,,,,,,,,,,,,
,,,,,,,,,,,,,,,,,,,,,,,,,,,,,,,,,,,,,,,,,,,,,,,,,,,,,,,,,,,,,,,,,,,,860,,,,,,,,,,,,,,,,,,,,,,,,,,,,,,,,,,,,,,,,,,,,,,,,,,,,,,,,,,,,,,,,,,,,,,,,,,,,
,,,,,,,,,,,,,,,,,,,,,,,,,,,,,,,,,,,,,,,,,,,,,,,,,,,,,,,,,,,,,,,,,,,,861,,,,,,,,,,,,,,,,,,,,,,,,,,,,,,,,,,,,,,,,,,,,,,,,,,,,,,,,,,,,,,,,,,,,,,,,,,,,
,,,,,,,,,,,,,,,,,,,,,,,,,,,,,,,,,,,,,,,,,,,,,,,,,,,,,,,,,,,,,,,,,,,,863,,,,,,,,,,,,,,,,,,,,,,,,,,,,,,,,,,,,,,,,,,,,,,,,,,,,,,,,,,,,,,,,,,,,,,,,,,,,
,,,,,,,,,,,,,,,,,,,,,,,,,,,,,,,,,,,,,,,,,,,,,,,,,,,,,,,,,,,,,,,,,,,,864,,,,,,,,,,,,,,,,,,,,,,,,,,,,,,,,,,,,,,,,,,,,,,,,,,,,,,,,,,,,,,,,,,,,,,,,,,,,
,,,,,,,,,,,,,,,,,,,,,,,,,,,,,,,,,,,,,,,,,,,,,,,,,,,,,,,,,,,,,,,,,,,,865,,,,,,,,,,,,,,,,,,,,,,,,,,,,,,,,,,,,,,,,,,,,,,,,,,,,,,,,,,,,,,,,,,,,,,,,,,,,
,,,,,,,,,,,,,,,,,,,,,,,,,,,,,,,,,,,,,,,,,,,,,,,,,,,,,,,,,,,,,,,,,,,,870,,,,,,,,,,,,,,,,,,,,,,,,,,,,,,,,,,,,,,,,,,,,,,,,,,,,,,,,,,,,,,,,,,,,,,,,,,,,
,,,,,,,,,,,,,,,,,,,,,,,,,,,,,,,,,,,,,,,,,,,,,,,,,,,,,,,,,,,,,,,,,,,,875,,,,,,,,,,,,,,,,,,,,,,,,,,,,,,,,,,,,,,,,,,,,,,,,,,,,,,,,,,,,,,,,,,,,,,,,,,,,
,,,,,,,,,,,,,,,,,,,,,,,,,,,,,,,,,,,,,,,,,,,,,,,,,,,,,,,,,,,,,,,,,,,,878,,,,,,,,,,,,,,,,,,,,,,,,,,,,,,,,,,,,,,,,,,,,,,,,,,,,,,,,,,,,,,,,,,,,,,,,,,,,
,,,,,,,,,,,,,,,,,,,,,,,,,,,,,,,,,,,,,,,,,,,,,,,,,,,,,,,,,,,,,,,,,,,,880,,,,,,,,,,,,,,,,,,,,,,,,,,,,,,,,,,,,,,,,,,,,,,,,,,,,,,,,,,,,,,,,,,,,,,,,,,,,
,,,,,,,,,,,,,,,,,,,,,,,,,,,,,,,,,,,,,,,,,,,,,,,,,,,,,,,,,,,,,,,,,,,,890,,,,,,,,,,,,,,,,,,,,,,,,,,,,,,,,,,,,,,,,,,,,,,,,,,,,,,,,,,,,,,,,,,,,,,,,,,,,
,,,,,,,,,,,,,,,,,,,,,,,,,,,,,,,,,,,,,,,,,,,,,,,,,,,,,,,,,,,,,,,,,,,,899,,,,,,,,,,,,,,,,,,,,,,,,,,,,,,,,,,,,,,,,,,,,,,,,,,,,,,,,,,,,,,,,,,,,,,,,,,,,
,,,,,,,,,,,,,,,,,,,,,,,,,,,,,,,,,,,,,,,,,,,,,,,,,,,,,,,,,,,,,,,,,,,,900,,,,,,,,,,,,,,,,,,,,,,,,,,,,,,,,,,,,,,,,,,,,,,,,,,,,,,,,,,,,,,,,,,,,,,,,,,,,
,,,,,,,,,,,,,,,,,,,,,,,,,,,,,,,,,,,,,,,,,,,,,,,,,,,,,,,,,,,,,,,,,,,,901,,,,,,,,,,,,,,,,,,,,,,,,,,,,,,,,,,,,,,,,,,,,,,,,,,,,,,,,,,,,,,,,,,,,,,,,,,,,
,,,,,,,,,,,,,,,,,,,,,,,,,,,,,,,,,,,,,,,,,,,,,,,,,,,,,,,,,,,,,,,,,,,,902,,,,,,,,,,,,,,,,,,,,,,,,,,,,,,,,,,,,,,,,,,,,,,,,,,,,,,,,,,,,,,,,,,,,,,,,,,,,
,,,,,,,,,,,,,,,,,,,,,,,,,,,,,,,,,,,,,,,,,,,,,,,,,,,,,,,,,,,,,,,,,,,,905,,,,,,,,,,,,,,,,,,,,,,,,,,,,,,,,,,,,,,,,,,,,,,,,,,,,,,,,,,,,,,,,,,,,,,,,,,,,
,,,,,,,,,,,,,,,,,,,,,,,,,,,,,,,,,,,,,,,,,,,,,,,,,,,,,,,,,,,,,,,,,,,,906,,,,,,,,,,,,,,,,,,,,,,,,,,,,,,,,,,,,,,,,,,,,,,,,,,,,,,,,,,,,,,,,,,,,,,,,,,,,
,,,,,,,,,,,,,,,,,,,,,,,,,,,,,,,,,,,,,,,,,,,,,,,,,,,,,,,,,,,,,,,,,,,,910,,,,,,,,,,,,,,,,,,,,,,,,,,,,,,,,,,,,,,,,,,,,,,,,,,,,,,,,,,,,,,,,,,,,,,,,,,,,
,,,,,,,,,,,,,,,,,,,,,,,,,,,,,,,,,,,,,,,,,,,,,,,,,,,,,,,,,,,,,,,,,,,,911,,,,,,,,,,,,,,,,,,,,,,,,,,,,,,,,,,,,,,,,,,,,,,,,,,,,,,,,,,,,,,,,,,,,,,,,,,,,
,,,,,,,,,,,,,,,,,,,,,,,,,,,,,,,,,,,,,,,,,,,,,,,,,,,,,,,,,,,,,,,,,,,,912,,,,,,,,,,,,,,,,,,,,,,,,,,,,,,,,,,,,,,,,,,,,,,,,,,,,,,,,,,,,,,,,,,,,,,,,,,,,
,,,,,,,,,,,,,,,,,,,,,,,,,,,,,,,,,,,,,,,,,,,,,,,,,,,,,,,,,,,,,,,,,,,,915,,,,,,,,,,,,,,,,,,,,,,,,,,,,,,,,,,,,,,,,,,,,,,,,,,,,,,,,,,,,,,,,,,,,,,,,,,,,
,,,,,,,,,,,,,,,,,,,,,,,,,,,,,,,,,,,,,,,,,,,,,,,,,,,,,,,,,,,,,,,,,,,,924,,,,,,,,,,,,,,,,,,,,,,,,,,,,,,,,,,,,,,,,,,,,,,,,,,,,,,,,,,,,,,,,,,,,,,,,,,,,
,,,,,,,,,,,,,,,,,,,,,,,,,,,,,,,,,,,,,,,,,,,,,,,,,,,,,,,,,,,,,,,,,,,,925,,,,,,,,,,,,,,,,,,,,,,,,,,,,,,,,,,,,,,,,,,,,,,,,,,,,,,,,,,,,,,,,,,,,,,,,,,,,
,,,,,,,,,,,,,,,,,,,,,,,,,,,,,,,,,,,,,,,,,,,,,,,,,,,,,,,,,,,,,,,,,,,,930,,,,,,,,,,,,,,,,,,,,,,,,,,,,,,,,,,,,,,,,,,,,,,,,,,,,,,,,,,,,,,,,,,,,,,,,,,,,
,,,,,,,,,,,,,,,,,,,,,,,,,,,,,,,,,,,,,,,,,,,,,,,,,,,,,,,,,,,,,,,,,,,,948,,,,,,,,,,,,,,,,,,,,,,,,,,,,,,,,,,,,,,,,,,,,,,,,,,,,,,,,,,,,,,,,,,,,,,,,,,,,
,,,,,,,,,,,,,,,,,,,,,,,,,,,,,,,,,,,,,,,,,,,,,,,,,,,,,,,,,,,,,,,,,,,,951,,,,,,,,,,,,,,,,,,,,,,,,,,,,,,,,,,,,,,,,,,,,,,,,,,,,,,,,,,,,,,,,,,,,,,,,,,,,
,,,,,,,,,,,,,,,,,,,,,,,,,,,,,,,,,,,,,,,,,,,,,,,,,,,,,,,,,,,,,,,,,,,,952,,,,,,,,,,,,,,,,,,,,,,,,,,,,,,,,,,,,,,,,,,,,,,,,,,,,,,,,,,,,,,,,,,,,,,,,,,,,
,,,,,,,,,,,,,,,,,,,,,,,,,,,,,,,,,,,,,,,,,,,,,,,,,,,,,,,,,,,,,,,,,,,,971,,,,,,,,,,,,,,,,,,,,,,,,,,,,,,,,,,,,,,,,,,,,,,,,,,,,,,,,,,,,,,,,,,,,,,,,,,,,
,,,,,,,,,,,,,,,,,,,,,,,,,,,,,,,,,,,,,,,,,,,,,,,,,,,,,,,,,,,,,,,,,,,,975,,,,,,,,,,,,,,,,,,,,,,,,,,,,,,,,,,,,,,,,,,,,,,,,,,,,,,,,,,,,,,,,,,,,,,,,,,,,
,,,,,,,,,,,,,,,,,,,,,,,,,,,,,,,,,,,,,,,,,,,,,,,,,,,,,,,,,,,,,,,,,,,,990,,,,,,,,,,,,,,,,,,,,,,,,,,,,,,,,,,,,,,,,,,,,,,,,,,,,,,,,,,,,,,,,,,,,,,,,,,,,
,,,,,,,,,,,,,,,,,,,,,,,,,,,,,,,,,,,,,,,,,,,,,,,,,,,,,,,,,,,,,,,,,,,,993,,,,,,,,,,,,,,,,,,,,,,,,,,,,,,,,,,,,,,,,,,,,,,,,,,,,,,,,,,,,,,,,,,,,,,,,,,,,
,,,,,,,,,,,,,,,,,,,,,,,,,,,,,,,,,,,,,,,,,,,,,,,,,,,,,,,,,,,,,,,,,,,,994,,,,,,,,,,,,,,,,,,,,,,,,,,,,,,,,,,,,,,,,,,,,,,,,,,,,,,,,,,,,,,,,,,,,,,,,,,,,
